timestep,q_value_mean,q_value_std,q_value_max,q_value_min,td_error_mean,td_error_std,buffer_size,exploration_rate,learning_rate,loss
1000,-0.03740403801202774,0.06043396145105362,0.06823684275150299,-0.12855561077594757,0.20080406963825226,0.07213074713945389,999,0.9987762250000001,0.0002,0.0
2000,-0.03712499141693115,0.061028700321912766,0.06788162887096405,-0.13096658885478973,0.19367074966430664,0.06557992100715637,1999,0.9975512249999999,0.0002,0.0
3000,-0.035406701266765594,0.06213853880763054,0.10015329718589783,-0.1607043445110321,0.18808570504188538,0.07342267036437988,2999,0.996326225,0.0002,0.0
4000,-0.035660892724990845,0.06225375086069107,0.08647000044584274,-0.13212737441062927,0.2071281373500824,0.0725608617067337,3999,0.9951012249999999,0.0002,0.0
5000,-0.035414665937423706,0.061548780649900436,0.08099566400051117,-0.1401030719280243,0.2026394009590149,0.06801889836788177,4999,0.9938762250000001,0.0002,0.0
6000,0.2903711497783661,0.026946306228637695,0.3326854705810547,0.13985899090766907,0.013111895881593227,0.021402355283498764,5999,0.9926512249999999,0.0002,0.00033962346060434356
7000,0.544447124004364,0.03599236533045769,0.603582501411438,0.2938166558742523,0.014855963177978992,0.027703864499926567,6999,0.991426225,0.0002,0.00029707532667089254
8000,0.7957745790481567,0.047665126621723175,0.8650634288787842,0.5713335871696472,0.013474909588694572,0.02138548158109188,7999,0.9902012249999999,0.0002,0.0002841432869900018
9000,1.0369278192520142,0.08223078399896622,1.124873399734497,0.510993242263794,0.01917802169919014,0.03045111522078514,8999,0.988976225,0.0002,0.00030640606564702466
10000,1.3033298254013062,0.08203332126140594,1.3921113014221191,0.5785317420959473,0.011101873591542244,0.01904405653476715,9999,0.9877512249999999,0.0002,0.0003775942896027118
11000,1.5465911626815796,0.11298289895057678,1.6437591314315796,0.7790843844413757,0.009045920334756374,0.015935085713863373,10999,0.986526225,0.0002,0.00024489480711054057
12000,1.7965147495269775,0.10103659331798553,1.9010752439498901,0.678676187992096,0.010993685573339462,0.018756944686174393,11999,0.9853012249999998,0.0002,0.0002554949023760855
13000,2.0172390937805176,0.14051343500614166,2.157883882522583,1.0360527038574219,0.016074389219284058,0.03356945514678955,12999,0.984076225,0.0002,0.00025867961812764406
14000,2.2850747108459473,0.13788112998008728,2.434692621231079,1.2028101682662964,0.01941526308655739,0.02784683369100094,13999,0.9828512249999999,0.0002,0.0009956224239431322
15000,2.513998508453369,0.16083043813705444,2.6819887161254883,1.2981191873550415,0.014583886601030827,0.022549156099557877,14999,0.9816262250000001,0.0002,0.0006785791338188574
16000,2.7070040702819824,0.2171952873468399,2.8811542987823486,1.2282358407974243,0.02230704203248024,0.036121319979429245,15999,0.9804012249999999,0.0002,0.0006313202029559761
17000,2.902306318283081,0.166700080037117,3.077364683151245,1.7307837009429932,0.020754395052790642,0.03839808329939842,16999,0.979176225,0.0002,0.0004102957173017785
18000,3.130317211151123,0.12262742221355438,3.27595591545105,2.3931050300598145,0.01993373967707157,0.040449824184179306,17999,0.9779512249999999,0.0002,0.000516446481924504
19000,3.333704948425293,0.09217716008424759,3.4687201976776123,2.8819961547851562,0.015636010095477104,0.027847666293382645,18999,0.9767262250000001,0.0002,0.0007350163068622351
20000,3.5172181129455566,0.15089285373687744,3.659717082977295,2.335350513458252,0.01722228154540062,0.025047961622476578,19999,0.9755012249999999,0.0002,0.0005248513261904009
21000,3.703535318374634,0.13888749480247498,3.849468469619751,2.5424985885620117,0.014859771355986595,0.027380600571632385,20999,0.974276225,0.0002,0.0007088791608111933
22000,3.897801637649536,0.14961691200733185,4.0772504806518555,3.0704891681671143,0.01870630867779255,0.02916914038360119,21999,0.9730512249999999,0.0002,0.0003523341874824837
23000,4.120012283325195,0.10720504820346832,4.276996612548828,3.435441017150879,0.011630425229668617,0.018747683614492416,22999,0.971826225,0.0002,0.000356357530108653
24000,4.29345703125,0.14881987869739532,4.478271484375,3.0168023109436035,0.020134268328547478,0.03315151110291481,23999,0.9706012249999999,0.0002,0.0022121992660686374
25000,4.426695346832275,0.1899207979440689,4.656426429748535,3.0152604579925537,0.01814449578523636,0.025292932987213135,24999,0.969376225,0.0002,0.0009031775989569724
26000,4.617427349090576,0.16668960452079773,4.83740758895874,3.6653714179992676,0.023298919200897217,0.039311882108449936,25999,0.9681512249999998,0.0002,0.0008549386402592063
27000,4.814220428466797,0.202141672372818,5.031026363372803,3.843102216720581,0.020162763074040413,0.03463713079690933,26999,0.966926225,0.0002,0.0007583680562674999
28000,4.993697643280029,0.16942673921585083,5.207619667053223,3.5548295974731445,0.02327919565141201,0.05200563371181488,27999,0.9657012249999999,0.0002,0.0005212707619648427
29000,5.137132167816162,0.18877506256103516,5.37550163269043,3.868147611618042,0.02529885806143284,0.03391672298312187,28999,0.964476225,0.0002,0.0006297788058873266
30000,5.310633182525635,0.19052833318710327,5.5662641525268555,4.131231307983398,0.01389070600271225,0.02432171441614628,29999,0.9632512249999998,0.0002,0.00083852608804591
31000,5.424158573150635,0.21214167773723602,5.737198352813721,4.543618202209473,0.02158254384994507,0.03508424013853073,30999,0.962026225,0.0002,0.0014209554065018892
32000,5.6037116050720215,0.22852234542369843,5.943000793457031,4.621277332305908,0.026247166097164154,0.05309643968939781,31999,0.9608012250000001,0.0002,0.00191959593212232
33000,5.765984058380127,0.23592008650302887,6.108616828918457,4.157721519470215,0.02883884683251381,0.07279413938522339,32999,0.959576225,0.0002,0.0005949192855041474
34000,5.910191535949707,0.24272464215755463,6.336706161499023,4.42879581451416,0.02193852886557579,0.02918686717748642,33999,0.9583512249999999,0.0002,0.4055361753271427
35000,6.071969509124756,0.18319076299667358,6.4503068923950195,5.39056921005249,0.02638585865497589,0.049747105687856674,34999,0.957126225,0.0002,0.0011787103430833668
36000,6.218108177185059,0.26544228196144104,6.724875450134277,4.80780553817749,0.02442602813243866,0.050828319042921066,35999,0.9559012250000001,0.0002,0.0005636434070765972
37000,6.363348960876465,0.2289261668920517,6.893833160400391,5.112796783447266,0.022738885134458542,0.03661520779132843,36999,0.954676225,0.0002,0.0008442221733275801
38000,6.515669345855713,0.27043724060058594,7.101767539978027,5.270315647125244,0.025677334517240524,0.046403948217630386,37999,0.9534512250000001,0.0002,0.0007788757357047871
39000,6.691626071929932,0.2450263500213623,7.221077919006348,5.320558071136475,0.02865283191204071,0.043455854058265686,38999,0.952226225,0.0002,0.0005910860054427758
40000,6.874027729034424,0.18687403202056885,7.3710150718688965,5.788008213043213,0.023722488433122635,0.031942419707775116,39999,0.9510012250000002,0.0002,0.0008147517801262438
41000,6.953525543212891,0.219478040933609,7.554764747619629,5.190343856811523,0.023120790719985962,0.059762950986623764,40999,0.949776225,0.0002,0.000408993277233094
42000,7.081770420074463,0.23850643634796143,7.6825337409973145,5.719480514526367,0.02208862081170082,0.03644360229372978,41999,0.9485512250000001,0.0002,0.0006295157945714891
43000,7.220834732055664,0.18823479115962982,7.761078834533691,6.620469570159912,0.021425358951091766,0.03688795119524002,42999,0.947326225,0.0002,0.00048106268513947725
44000,7.371756076812744,0.25029727816581726,7.904740333557129,6.220407009124756,0.01807720959186554,0.030684171244502068,43999,0.9461012250000002,0.0002,0.41091847472125664
45000,7.510715484619141,0.21428945660591125,8.012815475463867,6.437215328216553,0.02414124459028244,0.035191215574741364,44999,0.944876225,0.0002,0.0006443789170589298
46000,7.631292343139648,0.19018684327602386,8.1908597946167,6.572754859924316,0.018832121044397354,0.02797708287835121,45999,0.9436512250000001,0.0002,0.0007084860699251294
47000,7.7150349617004395,0.202476367354393,8.241846084594727,6.3725385665893555,0.023945733904838562,0.047013480216264725,46999,0.942426225,0.0002,0.0004564855189528316
48000,7.836845874786377,0.23644734919071198,8.36778450012207,6.1558966636657715,0.020761672407388687,0.032867323607206345,47999,0.9412012250000001,0.0002,0.000833718164358288
49000,7.925241947174072,0.18861667811870575,8.433030128479004,6.8811116218566895,0.017731837928295135,0.03327102214097977,48999,0.939976225,0.0002,0.0007191478507593274
50000,8.031305313110352,0.2607294023036957,8.587170600891113,6.319406032562256,0.01841804012656212,0.035934921354055405,49999,0.9387512250000001,0.0002,0.0004795563581865281
51000,8.114208221435547,0.33379194140434265,8.726644515991211,6.140998840332031,0.02628820762038231,0.055704496800899506,50999,0.9375262249999999,0.0002,0.0006148536485852674
52000,8.245283126831055,0.2363152801990509,8.873043060302734,7.310174942016602,0.024111762642860413,0.03959626704454422,51999,0.9363012250000001,0.0002,0.00045515078818425536
53000,8.33489990234375,0.2543758749961853,8.952875137329102,7.040860176086426,0.0363592691719532,0.06342115998268127,52999,0.935076225,0.0002,0.0018769362359307706
54000,8.416257858276367,0.28238627314567566,9.11690902709961,7.1136698722839355,0.03327153995633125,0.07895109802484512,53999,0.9338512250000002,0.0002,0.0005513739597517997
55000,8.539542198181152,0.2854664623737335,8.963418006896973,6.5734052658081055,0.1826106458902359,1.7659615278244019,54999,0.9326262249999999,0.0002,0.0010654143989086151
56000,8.69140625,0.2890034019947052,9.359941482543945,6.9302849769592285,0.023275598883628845,0.049662034958601,55999,0.9314012250000001,0.0002,0.0007935342146083713
57000,8.811116218566895,0.27447402477264404,9.495073318481445,7.377130031585693,0.025760356336832047,0.045493558049201965,56999,0.930176225,0.0002,0.0010973275639116764
58000,8.945735931396484,0.30742156505584717,9.636269569396973,6.989772796630859,0.02523890510201454,0.054265499114990234,57999,0.9289512250000002,0.0002,0.0011331908171996474
59000,9.080899238586426,0.2763707637786865,9.771259307861328,8.014721870422363,0.02297096699476242,0.03409554436802864,58999,0.927726225,0.0002,0.0007466462848242372
60000,9.101572036743164,0.3594306707382202,9.660957336425781,6.685939311981201,0.034224797040224075,0.06545917689800262,59999,0.9265012250000001,0.0002,0.0011494278442114592
61000,9.19615364074707,0.4138019382953644,10.023619651794434,6.260319709777832,0.0252281092107296,0.03984203189611435,60999,0.925276225,0.0002,0.0013259921106509864
62000,9.30533218383789,0.3430778980255127,9.934324264526367,6.926024913787842,0.032335441559553146,0.06908976286649704,61999,0.9240512250000001,0.0002,0.0017913537449203432
63000,9.381195068359375,0.3764439821243286,10.188539505004883,6.9128804206848145,0.031068824231624603,0.06954509764909744,62999,0.922826225,0.0002,0.0017703429621178657
64000,9.507789611816406,0.31768128275871277,10.174417495727539,7.808290958404541,0.033102016896009445,0.05304495990276337,63999,0.9216012250000001,0.0002,0.0007521272200392559
65000,9.58012866973877,0.4363497495651245,10.399558067321777,6.410963535308838,0.03217601776123047,0.054475679993629456,64999,0.9203762249999999,0.0002,0.0006480520532932132
66000,9.706043243408203,0.31344476342201233,10.250818252563477,7.866036415100098,0.018371153622865677,0.029845668002963066,65999,0.9191512250000001,0.0002,0.0011541005223989487
67000,9.844443321228027,0.2876371443271637,10.513440132141113,8.472439765930176,0.026563867926597595,0.04751109331846237,66999,0.917926225,0.0002,0.00099899125052616
68000,9.903501510620117,0.3366954028606415,10.60168170928955,8.019621849060059,0.03302943706512451,0.05855729803442955,67999,0.9167012250000001,0.0002,0.0019776365952566266
69000,9.959757804870605,0.29312998056411743,10.561375617980957,9.02320384979248,0.03421073406934738,0.0637887492775917,68999,0.9154762249999999,0.0002,0.0018780834507197142
70000,10.019010543823242,0.37337377667427063,10.782258987426758,7.490899085998535,0.034147292375564575,0.0514160618185997,69999,0.9142512250000001,0.0002,0.003619226161390543
71000,10.128900527954102,0.323222279548645,10.869216918945312,8.226527214050293,0.02497503161430359,0.037051498889923096,70999,0.913026225,0.0002,0.001736215694108978
72000,10.16486930847168,0.31138718128204346,10.966594696044922,8.942161560058594,0.02947068214416504,0.06378747522830963,71999,0.911801225,0.0002,0.0016473790747113526
73000,10.219029426574707,0.2741101384162903,10.85754108428955,9.0169038772583,0.02166147530078888,0.034536805003881454,72999,0.910576225,0.0002,0.07705707801505923
74000,10.313791275024414,0.3934105634689331,11.17361068725586,8.747160911560059,0.031329989433288574,0.04619605466723442,73999,0.9093512250000001,0.0002,0.0016342425951734185
75000,10.367400169372559,0.33081313967704773,11.168108940124512,8.277508735656738,0.1927204430103302,1.775017499923706,74999,0.908126225,0.0002,0.0031923989299684763
76000,10.395214080810547,0.3921729624271393,10.925710678100586,7.690314769744873,0.028314024209976196,0.06826522201299667,75999,0.9069012250000001,0.0002,0.003093747713137418
77000,10.51934814453125,0.33063212037086487,11.266658782958984,8.345499992370605,0.024471737444400787,0.048568304628133774,76999,0.9056762249999999,0.0002,0.0013538094935938716
78000,10.551656723022461,0.2933870851993561,11.21417236328125,8.597269058227539,0.030612841248512268,0.06616027653217316,77999,0.9044512250000001,0.0002,0.0019227795419283211
79000,10.60820484161377,0.27516523003578186,11.3732328414917,9.65616512298584,0.03216666728258133,0.03876838833093643,78999,0.9032262249999999,0.0002,0.001833190384786576
80000,10.65893840789795,0.3151772618293762,11.407980918884277,9.4702730178833,0.030838005244731903,0.06613137573003769,79999,0.9020012250000001,0.0002,0.001702256966382265
81000,10.68147087097168,0.323220431804657,11.375330924987793,8.81934642791748,0.02779047191143036,0.053837258368730545,80999,0.900776225,0.0002,0.0011891198810189962
82000,10.763498306274414,0.3032175898551941,11.540283203125,8.70234203338623,0.024854786694049835,0.05569041520357132,81999,0.8995512250000001,0.0002,0.0023867732961662114
83000,10.842569351196289,0.2569466233253479,11.511359214782715,9.645679473876953,0.02554219216108322,0.04261148348450661,82999,0.8983262249999999,0.0002,0.0011737430468201637
84000,10.854355812072754,0.41729581356048584,11.662946701049805,7.606773376464844,0.02789578214287758,0.052768394351005554,83999,0.8971012250000001,0.0002,0.11511172354221344
85000,10.938009262084961,0.395085871219635,11.701074600219727,8.504684448242188,0.026698999106884003,0.044504325836896896,84999,0.895876225,0.0002,0.0020320287439972162
86000,11.00727653503418,0.35672250390052795,11.782456398010254,9.134299278259277,0.029011748731136322,0.05112459883093834,85999,0.894651225,0.0002,0.0014422984677366912
87000,11.080631256103516,0.34828895330429077,11.848321914672852,9.329535484313965,0.04216616600751877,0.07111933082342148,86999,0.8934262249999999,0.0002,0.002281109686009586
88000,11.13819694519043,0.39370203018188477,11.93150806427002,8.459480285644531,0.03843121975660324,0.07430673390626907,87999,0.8922012250000001,0.0002,0.0006948909431230277
89000,11.228568077087402,0.27311357855796814,11.93086051940918,9.849197387695312,0.03310294449329376,0.0501093715429306,88999,0.890976225,0.0002,0.0023764839861541986
90000,11.290975570678711,0.29308995604515076,12.009485244750977,9.938294410705566,0.023061223328113556,0.03485522419214249,89999,0.8897512250000001,0.0002,0.0014637422282248735
91000,11.345807075500488,0.3518696427345276,12.051887512207031,9.419538497924805,0.023967400193214417,0.050639476627111435,90999,0.8885262249999999,0.0002,0.0009953976841643453
92000,11.345500946044922,0.3366580903530121,12.128332138061523,9.544222831726074,0.025763414800167084,0.04506984353065491,91999,0.8873012250000001,0.0002,0.0010600584791973233
93000,11.422745704650879,0.38780784606933594,12.19288158416748,9.435049057006836,0.030090123414993286,0.071604423224926,92999,0.8860762249999999,0.0002,0.0009911742235999554
94000,11.50186824798584,0.2826147675514221,12.23819351196289,10.446613311767578,0.028373271226882935,0.05061667785048485,93999,0.884851225,0.0002,0.0021688328706659377
95000,11.52639389038086,0.31333127617836,12.332961082458496,10.516236305236816,0.022629067301750183,0.038840506225824356,94999,0.883626225,0.0002,0.0011893930495716631
96000,11.56711483001709,0.29559895396232605,12.27704906463623,10.35153865814209,0.02459251880645752,0.034263014793395996,95999,0.8824012250000001,0.0002,0.0019059423357248306
97000,11.54313850402832,0.4454308748245239,12.371063232421875,9.521286010742188,0.0427309051156044,0.10090494155883789,96999,0.8811762249999999,0.0002,0.0011484228307381272
98000,11.71618938446045,0.3263551890850067,12.490662574768066,10.130271911621094,0.026162095367908478,0.031071798875927925,97999,0.8799512250000001,0.0002,0.0017053831252269447
99000,11.718195915222168,0.38029611110687256,12.560650825500488,10.184494972229004,0.02500925213098526,0.041032709181308746,98999,0.878726225,0.0002,0.0014691779506392777
100000,11.766335487365723,0.42870816588401794,12.613675117492676,8.948155403137207,0.027605876326560974,0.043117742985486984,99999,0.877501225,0.0002,0.0011270627728663385
101000,11.836160659790039,0.29197219014167786,12.557045936584473,10.822630882263184,0.024847857654094696,0.038118936121463776,100999,0.8762762249999999,0.0002,0.003307711100205779
102000,11.7599515914917,0.4578964412212372,12.329079627990723,9.825071334838867,0.03477362543344498,0.05854624882340431,101999,0.8750512250000001,0.0002,0.0022422708570957184
103000,11.914921760559082,0.3949665129184723,12.666213035583496,9.825275421142578,0.032057300209999084,0.06653433293104172,102999,0.873826225,0.0002,0.001945088617503643
104000,11.950887680053711,0.37760287523269653,12.666955947875977,10.377339363098145,0.03895338624715805,0.05814187973737717,103999,0.872601225,0.0002,0.0020187374320812523
105000,11.975107192993164,0.32603877782821655,12.557347297668457,10.668774604797363,0.03711879998445511,0.07257554680109024,104999,0.8713762249999999,0.0002,0.0021377771627157927
106000,12.029818534851074,0.396251380443573,12.786160469055176,10.381464004516602,0.02648034691810608,0.05092215538024902,105999,0.8701512250000001,0.0002,0.0016894316067919135
107000,12.087069511413574,0.40617141127586365,12.804142951965332,10.104726791381836,0.03542831540107727,0.05235332250595093,106999,0.8689262249999999,0.0002,0.0010786333004944026
108000,12.121386528015137,0.41061240434646606,12.924659729003906,10.596490859985352,0.1919553279876709,1.7506370544433594,107999,0.867701225,0.0002,0.0023002434172667563
109000,12.180950164794922,0.3807935118675232,12.894233703613281,10.145219802856445,0.03256780654191971,0.06003846600651741,108999,0.866476225,0.0002,0.0018424688605591655
110000,12.151742935180664,0.4393085539340973,12.651681900024414,9.484339714050293,0.03772041201591492,0.08778917044401169,109999,0.8652512250000001,0.0002,0.0032339015451725572
111000,12.219280242919922,0.3772910535335541,12.85041618347168,10.552116394042969,0.031899720430374146,0.05934951826930046,110999,0.8640262249999999,0.0002,0.0028712613275274634
112000,12.243536949157715,0.5038142800331116,12.961474418640137,9.684112548828125,0.038808874785900116,0.0533008947968483,111999,0.8628012250000001,0.0002,0.003022401127964258
113000,12.342252731323242,0.36523428559303284,12.821606636047363,10.383275985717773,0.028615117073059082,0.06734360754489899,112999,0.8615762249999999,0.0002,0.002710546017624438
114000,12.286703109741211,0.38881537318229675,12.888071060180664,10.628226280212402,0.04204053431749344,0.0898260772228241,113999,0.860351225,0.0002,0.005486852489411831
115000,12.372803688049316,0.41060489416122437,13.045376777648926,10.441472053527832,0.040412597358226776,0.10126961767673492,114999,0.8591262249999999,0.0002,0.002001705812290311
116000,12.42585563659668,0.41063910722732544,13.071208000183105,9.887681007385254,0.032709307968616486,0.049399055540561676,115999,0.857901225,0.0002,0.004052647855132818
117000,12.435544967651367,0.40405556559562683,13.11570930480957,10.319052696228027,0.03890664875507355,0.0800715759396553,116999,0.856676225,0.0002,0.002555108512751758
118000,12.437280654907227,0.4567902386188507,13.177338600158691,10.205355644226074,0.03573498874902725,0.061842840164899826,117999,0.855451225,0.0002,0.0034174585016444325
119000,12.50894832611084,0.37711620330810547,13.136861801147461,10.653142929077148,0.037303775548934937,0.07033561170101166,118999,0.8542262249999999,0.0002,0.002330015937332064
120000,12.500567436218262,0.4735451340675354,13.049680709838867,10.534482955932617,0.042017728090286255,0.08214857429265976,119999,0.8530012250000001,0.0002,0.002058773417957127
121000,12.570918083190918,0.41711410880088806,13.215829849243164,10.938094139099121,0.042328812181949615,0.07471171021461487,120999,0.8517762249999999,0.0002,0.0035486354026943445
122000,12.59652328491211,0.4343075752258301,13.206425666809082,9.565247535705566,0.04219458997249603,0.13079148530960083,121999,0.850551225,0.0002,0.003216310404241085
123000,12.621896743774414,0.41815420985221863,13.203689575195312,9.636102676391602,0.048026494681835175,0.1412452757358551,122999,0.8493262249999999,0.0002,0.002753141918219626
124000,12.597570419311523,0.4115215837955475,13.223075866699219,10.766642570495605,0.04211214929819107,0.06307896226644516,123999,0.8481012250000001,0.0002,0.0025172370951622725
125000,12.666086196899414,0.38067513704299927,13.249370574951172,10.774696350097656,0.030387453734874725,0.04679747670888901,124999,0.8468762249999999,0.0002,0.07881601073313504
126000,12.644017219543457,0.37599942088127136,13.22282600402832,10.693717956542969,0.04130330681800842,0.081478551030159,125999,0.8456512250000001,0.0002,0.002695708186365664
127000,12.623604774475098,0.34593191742897034,13.244626998901367,10.712028503417969,0.04054882377386093,0.04741230979561806,126999,0.8444262249999999,0.0002,0.0033248980762436986
128000,12.681089401245117,0.41594839096069336,13.314956665039062,10.974151611328125,0.190143883228302,1.7602177858352661,127999,0.843201225,0.0002,0.0024371688487008214
129000,12.719532012939453,0.3923085033893585,13.363396644592285,11.200950622558594,0.03339311480522156,0.0649942085146904,128999,0.8419762249999999,0.0002,0.07898265682160854
130000,12.728330612182617,0.33386194705963135,13.441213607788086,11.233235359191895,0.03552669286727905,0.07158923149108887,129999,0.840751225,0.0002,0.002524946699850261
131000,12.689226150512695,0.44000089168548584,13.33703899383545,11.031578063964844,0.042370155453681946,0.07282967865467072,130999,0.839526225,0.0002,0.0014072270132601261
132000,12.797452926635742,0.48962491750717163,13.404337882995605,10.675457000732422,0.05013229697942734,0.08789943158626556,131999,0.838301225,0.0002,0.0028571527218446136
133000,12.937865257263184,0.3423924148082733,13.780875205993652,10.923157691955566,0.03424284607172012,0.07057299464941025,132999,0.8370762249999999,0.0002,0.003382709575816989
134000,12.861054420471191,0.46952858567237854,13.840261459350586,10.976268768310547,0.05357985943555832,0.1350698322057724,133999,0.8358512250000001,0.0002,0.004114823415875435
135000,12.938539505004883,0.5025728940963745,13.54355239868164,10.48582649230957,0.03669753670692444,0.05669187381863594,134999,0.8346262249999998,0.0002,0.004288852214813232
136000,12.902963638305664,0.5423561334609985,13.57335376739502,10.44318675994873,0.04689887911081314,0.0990920439362526,135999,0.833401225,0.0002,0.0013783611357212067
137000,12.971996307373047,0.48269736766815186,13.601807594299316,10.58132266998291,0.04376737028360367,0.07313764095306396,136999,0.8321762249999999,0.0002,0.0023252913961187005
138000,12.983792304992676,0.40291571617126465,13.759241104125977,11.395137786865234,0.056188568472862244,0.08334562927484512,137999,0.830951225,0.0002,0.002765919896773994
139000,12.86228084564209,0.5653350353240967,13.633119583129883,10.449047088623047,0.03535144776105881,0.07309159636497498,138999,0.8297262249999999,0.0002,0.002845976850949228
140000,12.944363594055176,0.6051703095436096,13.95643424987793,10.219732284545898,0.04552718997001648,0.10119948536157608,139999,0.828501225,0.0002,0.002002653549425304
141000,13.058892250061035,0.45432206988334656,13.753764152526855,10.803999900817871,0.03135433793067932,0.052998900413513184,140999,0.8272762249999999,0.0002,0.0036260142223909497
142000,12.994989395141602,0.5461701154708862,14.045456886291504,11.10400676727295,0.0430530309677124,0.06922543793916702,141999,0.8260512250000001,0.0002,0.0057003002148121595
143000,13.08360481262207,0.4784124195575714,13.722999572753906,10.11648178100586,0.04309666156768799,0.12312572449445724,142999,0.8248262249999999,0.0002,0.0023350733099505305
144000,13.087693214416504,0.5186872482299805,14.038692474365234,10.902029991149902,0.21015037596225739,1.7757902145385742,143999,0.823601225,0.0002,0.004480257630348206
145000,13.109225273132324,0.4692939519882202,14.288765907287598,11.615623474121094,0.0337870717048645,0.04785618558526039,144999,0.8223762250000002,0.0002,0.0035086491843685508
146000,13.11997127532959,0.492709219455719,14.040871620178223,11.029644966125488,0.0528687909245491,0.113560251891613,145999,0.821151225,0.0002,0.008697067620232701
147000,13.144804954528809,0.47558265924453735,13.887928009033203,10.677186965942383,0.02734975516796112,0.04525366425514221,146999,0.8199262249999999,0.0002,0.002948350040242076
148000,13.067317962646484,0.5712422132492065,13.94366455078125,10.888504981994629,0.030475251376628876,0.05800655856728554,147999,0.8187012250000001,0.0002,0.07957127457484603
149000,13.204288482666016,0.4384763240814209,13.933623313903809,10.945513725280762,0.042287759482860565,0.0879644826054573,148999,0.8174762250000002,0.0002,0.00554051180370152
150000,13.187292098999023,0.5072240829467773,14.158145904541016,11.18056583404541,0.04823405295610428,0.11386395990848541,149999,0.816251225,0.0002,0.0038851177087053657
151000,13.151561737060547,0.5238179564476013,13.983392715454102,11.26638412475586,0.05521529167890549,0.09671150892972946,150999,0.8150262249999999,0.0002,0.004311122000217438
152000,13.257590293884277,0.4636685848236084,14.153056144714355,11.71268081665039,0.03647640347480774,0.10869912803173065,151999,0.813801225,0.0002,0.07727033109404147
153000,13.222423553466797,0.44922029972076416,14.036039352416992,11.015908241271973,0.032814934849739075,0.04988817125558853,152999,0.8125762250000002,0.0002,0.0028568743146024644
154000,13.207205772399902,0.5241860151290894,14.211219787597656,10.843982696533203,0.041916318237781525,0.07184632122516632,153999,0.811351225,0.0002,0.0074478681199252605
155000,13.251361846923828,0.549561083316803,14.245573043823242,11.349329948425293,0.05033785104751587,0.09164103120565414,154999,0.8101262249999999,0.0002,0.0025662402040325105
156000,13.399199485778809,0.44111117720603943,14.396288871765137,11.455947875976562,0.040395721793174744,0.07787783443927765,155999,0.8089012250000001,0.0002,0.07920132321305573
157000,13.397019386291504,0.447593092918396,14.286813735961914,11.515625,0.03170982003211975,0.05969822406768799,156999,0.8076762250000001,0.0002,0.003949234145693481
158000,13.435879707336426,0.4553235173225403,14.397332191467285,11.454473495483398,0.03373511880636215,0.05548426881432533,157999,0.806451225,0.0002,0.001832114765420556
159000,13.35671329498291,0.5496393442153931,14.382243156433105,11.193087577819824,0.030744902789592743,0.06741378456354141,158999,0.8052262249999999,0.0002,0.0023106063017621636
160000,13.326147079467773,0.5438754558563232,14.411073684692383,10.814606666564941,0.04532290995121002,0.09827583283185959,159999,0.8040012249999999,0.0002,0.0019277626415714622
161000,13.329499244689941,0.5072010159492493,14.670198440551758,11.542703628540039,0.0474783256649971,0.08933151513338089,160999,0.8027762250000001,0.0002,0.0018710321164689958
162000,13.295963287353516,0.6500157117843628,14.691488265991211,11.042338371276855,0.04387209564447403,0.09036742150783539,161999,0.801551225,0.0002,0.0028375538531690836
163000,13.414236068725586,0.5187767744064331,14.4506254196167,11.08012580871582,0.039878107607364655,0.07403630763292313,162999,0.8003262249999998,0.0002,0.07971973484382033
164000,13.441896438598633,0.6548070907592773,14.428168296813965,10.77195930480957,0.033278241753578186,0.05894772335886955,163999,0.799101225,0.0002,0.004165606340393424
165000,13.444296836853027,0.5463156700134277,14.472879409790039,11.493218421936035,0.03612787276506424,0.05912630632519722,164999,0.7978762250000002,0.0002,0.0026313831913284957
166000,13.413458824157715,0.596811830997467,14.880342483520508,11.317425727844238,0.05998701602220535,0.09449081122875214,165999,0.796651225,0.0002,0.0038042443338781595
167000,13.46096420288086,0.6214685440063477,14.605523109436035,10.942146301269531,0.05414765328168869,0.11363029479980469,166999,0.7954262249999998,0.0002,0.006306877359747887
168000,13.562090873718262,0.6192836761474609,15.122076034545898,11.023171424865723,0.03716301918029785,0.05543457344174385,167999,0.794201225,0.0002,0.002178718277718872
169000,13.552603721618652,0.6231841444969177,15.098465919494629,10.659587860107422,0.053053297102451324,0.10784686356782913,168999,0.7929762250000001,0.0002,0.0026959975948557258
170000,13.647199630737305,0.5033006072044373,14.502289772033691,11.697166442871094,0.04211670160293579,0.07926725596189499,169999,0.7917512250000001,0.0002,0.003241971950046718
171000,13.69149398803711,0.5544864535331726,15.045487403869629,11.633272171020508,0.04638568311929703,0.07738719880580902,170999,0.7905262249999999,0.0002,0.0039251879788935184
172000,13.605046272277832,0.6001436710357666,14.972124099731445,11.120965957641602,0.05255568027496338,0.10502437502145767,171999,0.789301225,0.0002,0.07933155330829322
173000,13.584229469299316,0.6004747748374939,14.638313293457031,11.172687530517578,0.053055331110954285,0.0926828607916832,172999,0.7880762250000002,0.0002,0.0034207612625323236
174000,13.626908302307129,0.6013931632041931,14.74047565460205,11.202290534973145,0.03598618507385254,0.057695601135492325,173999,0.7868512249999999,0.0002,0.003116109874099493
175000,13.711078643798828,0.6127270460128784,14.92531681060791,10.73198127746582,0.19248420000076294,1.788994550704956,174999,0.7856262250000001,0.0002,0.006959101185202599
176000,13.798898696899414,0.5721562504768372,14.84854507446289,11.877182960510254,0.03842166066169739,0.06268361210823059,175999,0.784401225,0.0002,0.0789906270802021
177000,13.682676315307617,0.6726081967353821,15.054804801940918,11.007013320922852,0.1961282193660736,1.757448673248291,176999,0.7831762250000001,0.0002,0.005695553729310632
178000,13.686758995056152,0.6858416795730591,14.898005485534668,11.393843650817871,0.0464152917265892,0.09697898477315903,177999,0.781951225,0.0002,0.004024309979286045
179000,13.813911437988281,0.5585616230964661,15.16115951538086,11.404062271118164,0.0702332928776741,0.10252523422241211,178999,0.7807262250000001,0.0002,0.15500523708760738
180000,13.73890495300293,0.6178678274154663,15.116937637329102,11.233542442321777,0.04626980423927307,0.08717349171638489,179999,0.779501225,0.0002,0.0026218832936137915
181000,13.92219352722168,0.6242212653160095,15.137063026428223,11.529389381408691,0.03555403649806976,0.06560582667589188,180999,0.7782762250000002,0.0002,0.0031481398036703467
182000,13.906625747680664,0.6172251105308533,15.241326332092285,11.96390151977539,0.03928903490304947,0.10242120176553726,181999,0.777051225,0.0002,0.004273964324966073
183000,13.86783218383789,0.6973044276237488,15.282476425170898,11.07040023803711,0.0406700074672699,0.0892316997051239,182999,0.7758262250000001,0.0002,0.07803775620413944
184000,13.893409729003906,0.6887414455413818,15.192846298217773,10.992260932922363,0.04606705158948898,0.09402966499328613,183999,0.774601225,0.0002,0.004905918380245566
185000,13.841702461242676,0.6917788982391357,15.492161750793457,10.699559211730957,0.255927711725235,1.880849838256836,184999,0.7733762250000001,0.0002,0.004240384325385094
186000,13.978435516357422,0.6306348443031311,15.434553146362305,11.162753105163574,0.0419696643948555,0.08611276745796204,185999,0.772151225,0.0002,0.002541524590924382
187000,14.002248764038086,0.5534319281578064,15.351678848266602,12.071877479553223,0.05374748259782791,0.14023661613464355,186999,0.7709262250000002,0.0002,0.0027266948018223047
188000,13.84423828125,0.7400557398796082,15.42992877960205,11.115103721618652,0.04688534140586853,0.11080005764961243,187999,0.7697012249999999,0.0002,0.006043316796422005
189000,13.919665336608887,0.7185866832733154,15.531713485717773,11.104418754577637,0.040643565356731415,0.07084144651889801,188999,0.7684762250000001,0.0002,0.07937073474749923
190000,13.926556587219238,0.6839562058448792,15.481108665466309,10.774786949157715,0.03726491332054138,0.07588564604520798,189999,0.767251225,0.0002,0.009298969758674502
191000,14.085897445678711,0.6819855570793152,15.445523262023926,11.338068008422852,0.1921480894088745,1.7258466482162476,190999,0.7660262250000001,0.0002,0.00543547235429287
192000,13.99860954284668,0.6997833251953125,15.753133773803711,11.140212059020996,0.05345962196588516,0.10703884065151215,191999,0.764801225,0.0002,0.0014116722159087658
193000,13.866421699523926,0.8456595540046692,15.301809310913086,10.705050468444824,0.04979117959737778,0.10793066769838333,192999,0.7635762250000001,0.0002,0.0030149916419759393
194000,13.98391056060791,0.6040434837341309,15.344799995422363,11.282567024230957,0.051623277366161346,0.10602828115224838,193999,0.762351225,0.0002,0.0051617485005408525
195000,13.990266799926758,0.8331674337387085,15.554441452026367,10.577107429504395,0.06027974188327789,0.09497909992933273,194999,0.7611262250000002,0.0002,0.07935124594951048
196000,13.888471603393555,0.7310755252838135,15.512895584106445,11.655742645263672,0.04121151566505432,0.06929406523704529,195999,0.759901225,0.0002,0.44168064184486866
197000,14.198304176330566,0.7109958529472351,15.543606758117676,11.620436668395996,0.04923863708972931,0.05400668829679489,196999,0.7586762250000001,0.0002,0.08006859989836812
198000,14.113401412963867,0.7204311490058899,15.520917892456055,11.118393898010254,0.04281044751405716,0.07672746479511261,197999,0.757451225,0.0002,0.002898259670473635
199000,14.282785415649414,0.630982518196106,15.678001403808594,11.989493370056152,0.05530596524477005,0.10263273864984512,198999,0.756226225,0.0002,0.003978240070864558
200000,14.268570899963379,0.7341133952140808,15.477214813232422,11.082775115966797,0.06265997141599655,0.11804702877998352,199999,0.755001225,0.0002,0.005058852722868323
201000,14.236348152160645,0.748629629611969,15.840572357177734,11.259647369384766,0.06404538452625275,0.10668660700321198,200000,0.7537762250000001,0.0002,0.005216753575950861
202000,14.279438018798828,0.7215703725814819,15.732020378112793,11.393272399902344,0.054148122668266296,0.10741470754146576,200000,0.7525512249999999,0.0002,0.003535654512234032
203000,14.300972938537598,0.7328814268112183,15.674142837524414,11.26155948638916,0.04071768373250961,0.0814979076385498,200000,0.7513262250000001,0.0002,0.005548188113607466
204000,14.280383110046387,0.7673121690750122,15.923799514770508,11.345730781555176,0.20262452960014343,1.763744592666626,200000,0.750101225,0.0002,0.005026582162827253
205000,14.219063758850098,0.7385278344154358,15.593852996826172,11.224820137023926,0.04452139884233475,0.09292701631784439,200000,0.7488762250000001,0.0002,0.004801760893315077
206000,14.340997695922852,0.7453106641769409,15.785307884216309,11.322357177734375,0.21610590815544128,1.7745474576950073,200000,0.747651225,0.0002,0.08419930841773748
207000,14.383581161499023,0.7274239659309387,15.81766128540039,11.533458709716797,0.04565457999706268,0.0816173106431961,200000,0.7464262250000001,0.0002,0.08078354713506997
208000,14.326261520385742,0.7444968223571777,15.946263313293457,11.924442291259766,0.058142200112342834,0.08295140415430069,200000,0.745201225,0.0002,0.005405398551374674
209000,14.358296394348145,0.7044035196304321,15.764053344726562,11.532713890075684,0.05296516418457031,0.1209702342748642,200000,0.7439762250000002,0.0002,0.003566036350093782
210000,14.370850563049316,0.8196682333946228,16.020614624023438,11.37641716003418,0.047132544219493866,0.10668236762285233,200000,0.7427512249999999,0.0002,0.005629827966913581
211000,14.37734317779541,0.8108998537063599,15.850868225097656,11.861892700195312,0.04958342760801315,0.08171369880437851,200000,0.7415262250000001,0.0002,0.00663168472237885
212000,14.363780975341797,0.7913141846656799,15.877455711364746,11.687891960144043,0.06147303432226181,0.08753267675638199,200000,0.740301225,0.0002,0.07804561033844948
213000,14.428462982177734,0.6721366047859192,15.92963981628418,11.443846702575684,0.049668602645397186,0.07658228278160095,200000,0.739076225,0.0002,0.003784597502090037
214000,14.353206634521484,0.8174012899398804,16.022380828857422,11.549020767211914,0.0501842200756073,0.10054691135883331,200000,0.737851225,0.0002,0.15939978859387338
215000,14.309486389160156,0.8300552368164062,16.08251953125,11.221421241760254,0.22800448536872864,1.7743849754333496,200000,0.7366262250000001,0.0002,0.008589096833020449
216000,14.38598346710205,0.7877422571182251,15.96235179901123,11.6412992477417,0.039665497839450836,0.10411630570888519,200000,0.7354012249999999,0.0002,0.006014493992552161
217000,14.409668922424316,0.740281343460083,16.122821807861328,11.426392555236816,0.05548156797885895,0.14817999303340912,200000,0.7341762250000001,0.0002,0.005568992346525192
218000,14.37972640991211,0.8700267672538757,16.38783073425293,11.354177474975586,0.061901360750198364,0.12108726799488068,200000,0.732951225,0.0002,0.0028555147582665086
219000,14.424449920654297,0.7508528828620911,16.190147399902344,11.915510177612305,0.060968607664108276,0.1024843081831932,200000,0.7317262250000001,0.0002,0.008294978179037571
220000,14.589146614074707,0.6478882431983948,15.960859298706055,12.646320343017578,0.041752658784389496,0.08840157091617584,200000,0.7305012249999999,0.0002,0.004064019536599517
221000,14.355731010437012,0.8422631025314331,16.206275939941406,11.28935718536377,0.058749087154865265,0.14716938138008118,200000,0.729276225,0.0002,0.08198656234890223
222000,14.448994636535645,0.9123639464378357,16.184019088745117,11.379393577575684,0.05266030132770538,0.06958174705505371,200000,0.728051225,0.0002,0.0045218265149742365
223000,14.468194007873535,0.7728974223136902,16.2000789642334,11.76126480102539,0.044702187180519104,0.11837752908468246,200000,0.7268262250000002,0.0002,0.008662414737045765
224000,14.496487617492676,0.8186555504798889,16.24388885498047,11.523584365844727,0.04677288234233856,0.10304418206214905,200000,0.7256012249999999,0.0002,0.00653410516679287
225000,14.574633598327637,0.7969883680343628,16.46454620361328,12.117555618286133,0.04130983352661133,0.05030123516917229,200000,0.7243762250000001,0.0002,0.002510418271413073
226000,14.579414367675781,0.8718627691268921,16.353958129882812,11.601215362548828,0.22539308667182922,1.7624213695526123,200000,0.723151225,0.0002,0.0032645241590216756
227000,14.632696151733398,0.9169633388519287,16.522180557250977,11.42090892791748,0.07580677419900894,0.21019533276557922,200000,0.721926225,0.0002,0.0038985639112070203
228000,14.481342315673828,0.8900676965713501,16.07971954345703,11.377426147460938,0.043365828692913055,0.07541941106319427,200000,0.720701225,0.0002,0.004190993029624224
229000,14.70640754699707,1.0124925374984741,16.44024085998535,11.188697814941406,0.06310933828353882,0.1435970515012741,200000,0.7194762250000001,0.0002,0.006249383557587862
230000,14.771496772766113,0.8555957078933716,16.79509925842285,11.359491348266602,0.05999699980020523,0.10198575258255005,200000,0.7182512249999999,0.0002,0.005987594835460186
231000,14.652863502502441,0.8825175166130066,16.477088928222656,10.789401054382324,0.04703793674707413,0.09004072844982147,200000,0.7170262250000001,0.0002,0.08018268551677465
232000,14.6857271194458,0.932817280292511,16.70808219909668,11.418445587158203,0.053286030888557434,0.1067446619272232,200000,0.7158012249999999,0.0002,0.007842440623790026
233000,14.8245210647583,0.971281111240387,16.724197387695312,11.215981483459473,0.06615381687879562,0.10493016242980957,200000,0.7145762250000001,0.0002,0.009318416006863117
234000,14.790059089660645,1.0183303356170654,16.643159866333008,11.068326950073242,0.05321335047483444,0.10007791966199875,200000,0.7133512249999999,0.0002,0.08054031437495723
235000,14.964701652526855,0.9438523054122925,16.77137565612793,11.431770324707031,0.06249183416366577,0.11417935788631439,200000,0.712126225,0.0002,0.004881380940787494
236000,14.890726089477539,0.9449223875999451,16.74471092224121,12.063674926757812,0.03790440410375595,0.060250602662563324,200000,0.710901225,0.0002,0.08837252669036388
237000,14.916238784790039,0.9042683839797974,16.90008544921875,11.687727928161621,0.05072299391031265,0.12094301730394363,200000,0.709676225,0.0002,0.00910074869170785
238000,14.877063751220703,0.9907843470573425,16.983341217041016,11.400317192077637,0.06495179980993271,0.12298499047756195,200000,0.7084512249999999,0.0002,0.012383927125483751
239000,14.931736946105957,0.9538107514381409,16.726181030273438,12.004162788391113,0.04376610368490219,0.08127350360155106,200000,0.7072262250000001,0.0002,0.0058891428634524345
240000,14.846224784851074,1.0531672239303589,16.864498138427734,11.029727935791016,0.04821706563234329,0.08395978063344955,200000,0.706001225,0.0002,0.009092718828469515
241000,14.883539199829102,0.9761977195739746,16.66863441467285,11.385863304138184,0.06757652014493942,0.12375285476446152,200000,0.704776225,0.0002,0.011331999441608787
242000,14.759744644165039,0.9263611435890198,16.711288452148438,10.900089263916016,0.21629685163497925,1.7069740295410156,200000,0.7035512249999999,0.0002,0.08360940287820995
243000,14.831101417541504,1.0242077112197876,16.62120819091797,11.402889251708984,0.07695762813091278,0.21253079175949097,200000,0.7023262250000001,0.0002,0.08019873779267073
244000,14.79629135131836,1.1783325672149658,17.102609634399414,10.840880393981934,0.20755897462368011,1.7613834142684937,200000,0.7011012249999999,0.0002,0.0798173532821238
245000,14.94456958770752,0.8767225742340088,16.924097061157227,12.15140438079834,0.05429290235042572,0.06800094991922379,200000,0.6998762250000001,0.0002,0.07703241659328341
246000,15.163314819335938,1.0167019367218018,17.11947250366211,12.079524040222168,0.056006282567977905,0.17898187041282654,200000,0.6986512249999999,0.0002,0.006961435079574585
247000,15.010934829711914,0.9636633992195129,17.271759033203125,11.544337272644043,0.08055904507637024,0.11430507153272629,200000,0.6974262250000001,0.0002,0.014802147634327412
248000,14.986954689025879,1.0017740726470947,16.969980239868164,11.132061004638672,0.07561460882425308,0.22129277884960175,200000,0.6962012249999999,0.0002,0.08598047913983464
249000,14.859128952026367,1.0620808601379395,17.055490493774414,11.158061027526855,0.06131663918495178,0.08244335651397705,200000,0.694976225,0.0002,0.012810807675123215
250000,14.952770233154297,1.0004260540008545,17.0704345703125,11.675710678100586,0.05103936046361923,0.09381648898124695,200000,0.693751225,0.0002,0.013110929168760777
251000,14.873697280883789,1.1608184576034546,17.114028930664062,11.5902099609375,0.23493275046348572,1.7782690525054932,200000,0.692526225,0.0002,0.08172531076706946
252000,15.048271179199219,1.0616389513015747,17.12247657775879,11.51512336730957,0.04380756616592407,0.08651721477508545,200000,0.6913012249999999,0.0002,0.09147487301379442
253000,15.028722763061523,1.0010442733764648,17.165103912353516,12.164937019348145,0.04873145371675491,0.08994554728269577,200000,0.6900762250000001,0.0002,0.01489678374491632
254000,14.866495132446289,1.15181303024292,17.626134872436523,10.937236785888672,0.07040271162986755,0.164102241396904,200000,0.6888512250000002,0.0002,0.004454518901184201
255000,14.983089447021484,1.0066114664077759,17.385692596435547,11.23817253112793,0.047227948904037476,0.08805984258651733,200000,0.687626225,0.0002,0.08277054643258452
256000,15.117152214050293,1.1317647695541382,17.562305450439453,11.919178009033203,0.05203291028738022,0.11973514407873154,200000,0.686401225,0.0002,0.012601008638739586
257000,15.036970138549805,1.0633518695831299,17.437665939331055,11.670446395874023,0.06680751591920853,0.14261896908283234,200000,0.685176225,0.0002,0.006509977392852306
258000,14.910562515258789,1.101649284362793,17.279653549194336,11.452134132385254,0.04862145334482193,0.0960507020354271,200000,0.6839512250000002,0.0002,0.013918188400566578
259000,14.97481632232666,1.0996556282043457,17.093358993530273,11.095234870910645,0.05583597719669342,0.10804587602615356,200000,0.6827262250000001,0.0002,0.015472387429326773
260000,15.037425994873047,1.0776619911193848,17.241025924682617,12.104292869567871,0.08422254770994186,0.17912061512470245,200000,0.6815012249999999,0.0002,0.007026078645139933
261000,15.06982707977295,1.0397660732269287,17.300565719604492,12.244342803955078,0.08193524926900864,0.16677570343017578,200000,0.6802762250000001,0.0002,0.007148251868784428
262000,15.261662483215332,1.1050071716308594,17.52686882019043,12.527770042419434,0.23049281537532806,1.7537569999694824,200000,0.6790512250000001,0.0002,0.019990970380604267
263000,15.103116989135742,1.138174295425415,17.76205062866211,11.525897026062012,0.21458250284194946,1.7231694459915161,200000,0.677826225,0.0002,0.0074988845735788345
264000,15.29029655456543,1.0153616666793823,17.3596248626709,11.073895454406738,0.06526456773281097,0.15695568919181824,200000,0.676601225,0.0002,0.006785016041249037
265000,15.25499153137207,1.0239804983139038,17.245332717895508,12.543481826782227,0.07725958526134491,0.16311964392662048,200000,0.6753762249999999,0.0002,0.006364603992551565
266000,15.200451850891113,1.081860065460205,17.4517765045166,10.92171573638916,0.06409340351819992,0.1356261819601059,200000,0.6741512250000001,0.0002,0.004847574280574918
267000,15.339296340942383,1.1398245096206665,17.7043399810791,12.10167407989502,0.37285488843917847,2.4550986289978027,200000,0.6729262250000001,0.0002,0.013495931634679437
268000,14.993937492370605,1.2660139799118042,17.736675262451172,10.896324157714844,0.05752363055944443,0.09015336632728577,200000,0.6717012249999998,0.0002,0.011435323394834995
269000,15.379780769348145,1.2024710178375244,18.120878219604492,12.274490356445312,0.22743889689445496,1.8097251653671265,200000,0.670476225,0.0002,0.15420106891542673
270000,15.359135627746582,1.1003330945968628,17.962787628173828,11.987833976745605,0.08782372623682022,0.14556173980236053,200000,0.6692512250000002,0.0002,0.007458036998286843
271000,15.336942672729492,1.2861838340759277,17.939029693603516,12.202661514282227,0.2619507312774658,1.777382731437683,200000,0.668026225,0.0002,0.011733733583241701
272000,15.322437286376953,1.0364700555801392,17.830854415893555,12.340225219726562,0.0454629585146904,0.0814896896481514,200000,0.6668012249999999,0.0002,0.014580855844542384
273000,15.271561622619629,1.2559905052185059,18.074731826782227,10.737098693847656,0.06763441115617752,0.11586841940879822,200000,0.6655762250000001,0.0002,0.006399556528776884
274000,15.25403881072998,1.2220081090927124,18.04425048828125,11.339691162109375,0.07071167230606079,0.11387470364570618,200000,0.6643512250000001,0.0002,0.08638731949031353
275000,15.22918701171875,1.1409178972244263,18.259220123291016,11.858548164367676,0.23404118418693542,1.7139568328857422,200000,0.6631262250000001,0.0002,0.022340488620102406
276000,15.19356918334961,1.3346325159072876,18.173961639404297,9.600667953491211,0.08998151868581772,0.15599378943443298,200000,0.6619012249999998,0.0002,0.009949355386197567
277000,15.557282447814941,1.387886881828308,18.307859420776367,8.999441146850586,0.06552743911743164,0.1287791132926941,200000,0.660676225,0.0002,0.013379386626183987
278000,15.339693069458008,1.1081907749176025,17.764713287353516,10.899803161621094,0.10154207050800323,0.14415700733661652,200000,0.6594512250000002,0.0002,0.016686429735273123
279000,15.419290542602539,1.318057894706726,18.536975860595703,12.094669342041016,0.0539395809173584,0.08367498964071274,200000,0.6582262249999999,0.0002,0.02078692428767681
280000,15.574772834777832,1.1709191799163818,18.703571319580078,12.823073387145996,0.07242278009653091,0.1429673582315445,200000,0.6570012249999999,0.0002,0.08164167148061097
281000,15.65263843536377,1.1554768085479736,18.194927215576172,11.369861602783203,0.07638753950595856,0.13784031569957733,200000,0.6557762250000001,0.0002,0.08261708915233612
282000,15.472150802612305,1.1754356622695923,18.14364242553711,11.859591484069824,0.06608971953392029,0.14772085845470428,200000,0.6545512250000001,0.0002,0.00655026501044631
283000,15.44466781616211,1.3285812139511108,18.58395767211914,11.524948120117188,0.06335443258285522,0.13053961098194122,200000,0.653326225,0.0002,0.08321253350004554
284000,15.674299240112305,1.1857777833938599,18.488569259643555,12.489986419677734,0.0723375678062439,0.13948340713977814,200000,0.6521012249999999,0.0002,0.09485936281271279
285000,15.59544849395752,1.4493167400360107,18.203351974487305,11.431267738342285,0.0626867264509201,0.10888373106718063,200000,0.650876225,0.0002,0.08456421317532659
286000,15.781834602355957,1.2199203968048096,18.636905670166016,10.729963302612305,0.07609274983406067,0.14475832879543304,200000,0.6496512250000002,0.0002,0.08755795052275062
287000,15.651551246643066,1.197265625,18.518741607666016,11.672182083129883,0.06538712978363037,0.11851845681667328,200000,0.6484262249999999,0.0002,0.09245702344924212
288000,15.679313659667969,1.291452407836914,18.673131942749023,12.942893981933594,0.234532430768013,1.766696810722351,200000,0.6472012249999999,0.0002,0.020394822116941214
289000,15.647459030151367,1.2074345350265503,18.890172958374023,11.608976364135742,0.057981088757514954,0.06536169350147247,200000,0.6459762250000001,0.0002,0.0071001541800796986
290000,15.883432388305664,1.2165143489837646,18.5054931640625,10.890872955322266,0.07214940339326859,0.22658824920654297,200000,0.6447512250000001,0.0002,0.006430195178836584
291000,15.671253204345703,1.1741796731948853,18.812347412109375,13.001625061035156,0.06218259781599045,0.104631707072258,200000,0.643526225,0.0002,0.00979751767590642
292000,15.754549980163574,1.1846554279327393,18.623046875,12.563067436218262,0.05821382254362106,0.10564630478620529,200000,0.642301225,0.0002,0.01371553260833025
293000,15.695633888244629,1.387237787246704,18.507997512817383,11.3306245803833,0.05006030946969986,0.09745993465185165,200000,0.6410762249999999,0.0002,0.017910250462591648
294000,15.81753921508789,1.222501516342163,18.57695770263672,12.47622013092041,0.05656653642654419,0.09045571833848953,200000,0.6398512250000001,0.0002,0.01654166914522648
295000,15.811159133911133,1.291123867034912,19.046024322509766,12.80367374420166,0.051677361130714417,0.08629706501960754,200000,0.6386262250000001,0.0002,0.08293179888278246
296000,15.938714027404785,1.308753252029419,18.903404235839844,12.737407684326172,0.05850328505039215,0.08882009238004684,200000,0.6374012249999998,0.0002,0.007328150328248739
297000,15.934746742248535,1.3555190563201904,19.265504837036133,12.349903106689453,0.06324587017297745,0.1358480602502823,200000,0.636176225,0.0002,0.014851878397166729
298000,16.0549373626709,1.5793641805648804,19.360864639282227,10.92747688293457,0.36554330587387085,2.4778401851654053,200000,0.6349512250000001,0.0002,0.020992878824472427
299000,15.805835723876953,1.4182652235031128,19.15650749206543,11.738077163696289,0.2164316177368164,1.765974760055542,200000,0.633726225,0.0002,0.09088036045432091
300000,16.053869247436523,1.3544660806655884,19.28336524963379,13.038084983825684,0.08483018726110458,0.1832043081521988,200000,0.632501225,0.0002,0.07865782687440515
301000,15.875645637512207,1.5953059196472168,19.415021896362305,11.386411666870117,0.06381522119045258,0.12064449489116669,200000,0.6312762249999999,0.0002,0.16136068431660533
302000,15.904650688171387,1.3821436166763306,19.550365447998047,12.881741523742676,0.24451790750026703,1.7960755825042725,200000,0.6300512250000001,0.0002,0.013260252308100462
303000,15.68071174621582,1.3370873928070068,18.55046272277832,11.859352111816406,0.111882783472538,0.1265285462141037,200000,0.6288262250000001,0.0002,0.016673283418640494
304000,15.88489055633545,1.3790615797042847,18.7308406829834,11.110306739807129,0.10906762629747391,0.2905968427658081,200000,0.6276012249999998,0.0002,0.006480062380433083
305000,15.874470710754395,1.3795233964920044,18.876258850097656,12.639883041381836,0.23659341037273407,1.77689528465271,200000,0.626376225,0.0002,0.08008242002688348
306000,16.13614845275879,1.475751280784607,19.65704917907715,10.808013916015625,0.21226143836975098,1.7572451829910278,200000,0.6251512250000002,0.0002,0.011512698605656624
307000,16.003082275390625,1.3375015258789062,18.61149787902832,12.626965522766113,0.05132988095283508,0.07640364021062851,200000,0.623926225,0.0002,0.08455120073631406
308000,15.814817428588867,1.3593758344650269,19.161785125732422,12.337778091430664,0.08457493036985397,0.1392236053943634,200000,0.6227012249999999,0.0002,0.007293020375072956
309000,16.057233810424805,1.4886568784713745,19.19249153137207,10.973642349243164,0.10344947129487991,0.3082180917263031,200000,0.6214762250000001,0.0002,0.09780055098235607
310000,15.766900062561035,1.4160823822021484,19.71281623840332,12.151355743408203,0.09285666793584824,0.18042460083961487,200000,0.6202512250000001,0.0002,0.007807401940226555
311000,15.971105575561523,1.3337403535842896,18.816850662231445,13.267677307128906,0.050903476774692535,0.06407593190670013,200000,0.619026225,0.0002,0.10055079823359847
312000,16.019166946411133,1.480357050895691,19.65528678894043,10.745497703552246,0.10014216601848602,0.26143521070480347,200000,0.6178012249999999,0.0002,0.15996604412794113
313000,16.178321838378906,1.3833800554275513,19.268802642822266,12.268938064575195,0.06604895740747452,0.09224236011505127,200000,0.616576225,0.0002,0.009722330374643207
314000,16.366443634033203,1.6246557235717773,19.89596176147461,11.43461799621582,0.09179244935512543,0.15304335951805115,200000,0.6153512250000002,0.0002,0.1646292433142662
315000,16.373197555541992,1.4457523822784424,19.820018768310547,12.963775634765625,0.07442062348127365,0.13575808703899384,200000,0.6141262249999999,0.0002,0.0038911757292225957
316000,16.139476776123047,1.2445318698883057,18.923131942749023,13.104633331298828,0.0646410658955574,0.1061922013759613,200000,0.6129012250000001,0.0002,0.00894218124449253
317000,16.161832809448242,1.3864238262176514,19.350019454956055,11.04646110534668,0.08733285963535309,0.22191496193408966,200000,0.6116762250000001,0.0002,0.010016767773777246
318000,16.07373809814453,1.3238208293914795,18.875551223754883,11.288618087768555,0.07224617898464203,0.11433269083499908,200000,0.610451225,0.0002,0.013978890143334866
319000,16.24375343322754,1.4582295417785645,19.901817321777344,12.285065650939941,0.07403542846441269,0.12041579931974411,200000,0.609226225,0.0002,0.08936102001462132
320000,16.16412353515625,1.4399569034576416,19.740707397460938,12.081526756286621,0.06758853048086166,0.12133067101240158,200000,0.6080012250000002,0.0002,0.09237452154047787
321000,16.314247131347656,1.316779375076294,19.711280822753906,12.945626258850098,0.07020413875579834,0.14734004437923431,200000,0.606776225,0.0002,0.08813927508890629
322000,16.49860191345215,1.660520076751709,19.921871185302734,13.440813064575195,0.0654664859175682,0.1472538411617279,200000,0.6055512250000001,0.0002,0.006507673009764403
323000,16.302623748779297,1.4695159196853638,19.907989501953125,12.935354232788086,0.07906252145767212,0.15214784443378448,200000,0.604326225,0.0002,0.011456259060651064
324000,16.330829620361328,1.3991305828094482,19.345109939575195,13.271007537841797,0.06550655514001846,0.12884515523910522,200000,0.6031012250000001,0.0002,0.020604670513421297
325000,16.20319366455078,1.4906764030456543,20.304981231689453,13.401476860046387,0.2196829915046692,1.6730250120162964,200000,0.601876225,0.0002,0.1019219420850277
326000,16.27472686767578,1.5844483375549316,20.316951751708984,12.572931289672852,0.08647441118955612,0.13672788441181183,200000,0.600651225,0.0002,0.021004188805818558
327000,16.469572067260742,1.5848138332366943,20.186569213867188,11.870186805725098,0.07395222783088684,0.12494166195392609,200000,0.599426225,0.0002,0.015109343454241753
328000,16.434293746948242,1.3720171451568604,20.1370906829834,13.334771156311035,0.08866758644580841,0.13544705510139465,200000,0.5982012250000002,0.0002,0.09364321548491716
329000,16.74626922607422,1.4128785133361816,19.918554306030273,13.773529052734375,0.057031698524951935,0.09811928868293762,200000,0.5969762249999999,0.0002,0.01034186314791441
330000,16.53826904296875,1.4525667428970337,19.285581588745117,12.880720138549805,0.23723387718200684,1.8764512538909912,200000,0.5957512250000001,0.0002,0.08611831022426486
331000,16.65665054321289,1.53148353099823,20.46147346496582,12.566300392150879,0.07605034857988358,0.2169707715511322,200000,0.5945262250000001,0.0002,0.11864138580858707
332000,16.573225021362305,1.8110053539276123,20.730051040649414,12.852592468261719,0.0725470632314682,0.15198251605033875,200000,0.593301225,0.0002,0.08944640681147575
333000,16.994178771972656,1.6593546867370605,20.676143646240234,13.071846961975098,0.12250584363937378,0.4041171669960022,200000,0.592076225,0.0002,0.08649341389536858
334000,16.440746307373047,1.7997928857803345,20.228803634643555,10.70949935913086,0.08806651830673218,0.17569944262504578,200000,0.5908512250000002,0.0002,0.0315318014472723
335000,16.418224334716797,1.6510052680969238,19.896574020385742,11.793535232543945,0.07436779886484146,0.12299919873476028,200000,0.589626225,0.0002,0.10852672439068556
336000,16.51906967163086,1.6826890707015991,20.66038703918457,12.603906631469727,0.06798800081014633,0.12862439453601837,200000,0.5884012250000001,0.0002,0.007423240225762129
337000,16.64268684387207,1.5867608785629272,20.682695388793945,12.85816478729248,0.36844319105148315,2.482175588607788,200000,0.587176225,0.0002,0.09737517731264234
338000,16.60582733154297,1.610425353050232,19.888771057128906,13.348530769348145,0.0849454328417778,0.14799144864082336,200000,0.5859512250000001,0.0002,0.15815316885709763
339000,16.597745895385742,1.6542434692382812,20.621305465698242,12.571528434753418,0.08922260254621506,0.1706046462059021,200000,0.584726225,0.0002,0.09431778523139656
340000,16.68812370300293,1.5820852518081665,20.96247100830078,12.906432151794434,0.06510058790445328,0.14952333271503448,200000,0.583501225,0.0002,0.020429013296961784
341000,16.68863296508789,1.601304054260254,19.95622444152832,12.685866355895996,0.08863647282123566,0.15830309689044952,200000,0.582276225,0.0002,0.03191577456891537
342000,16.638586044311523,1.6731761693954468,20.304615020751953,12.960579872131348,0.06993860006332397,0.15594516694545746,200000,0.5810512250000002,0.0002,0.01424553245306015
343000,16.655452728271484,1.7709475755691528,20.5059871673584,12.436014175415039,0.25054261088371277,1.6961723566055298,200000,0.5798262249999999,0.0002,0.253410167992115
344000,16.91464614868164,1.6894341707229614,19.918670654296875,13.054363250732422,0.07937029749155045,0.1350322663784027,200000,0.5786012250000001,0.0002,0.09201723709702492
345000,16.728130340576172,1.6804472208023071,20.310258865356445,11.775938987731934,0.11714121699333191,0.35913360118865967,200000,0.577376225,0.0002,0.010149506852030754
346000,16.874469757080078,1.6307930946350098,20.960466384887695,12.995562553405762,0.06793206930160522,0.1267266869544983,200000,0.576151225,0.0002,0.026365979574620724
347000,16.930341720581055,1.8306190967559814,21.037385940551758,12.321893692016602,0.09501873701810837,0.17871436476707458,200000,0.574926225,0.0002,0.09151541069149971
348000,16.793628692626953,1.9002588987350464,20.77923011779785,11.797054290771484,0.08912845700979233,0.09651754796504974,200000,0.5737012250000002,0.0002,0.00753849046304822
349000,16.779516220092773,1.6081174612045288,20.05929183959961,12.849431037902832,0.15182416141033173,0.39838963747024536,200000,0.572476225,0.0002,0.016665849834680557
350000,16.60832977294922,1.6701233386993408,20.116371154785156,12.614914894104004,0.21483838558197021,1.7701034545898438,200000,0.5712512250000001,0.0002,0.18060603365302086
351000,16.598384857177734,1.6595379114151,20.98695182800293,13.37417984008789,0.11856336146593094,0.4928513169288635,200000,0.5700262249999999,0.0002,0.17007446195930243
352000,16.700002670288086,1.7274161577224731,20.912843704223633,13.080326080322266,0.0899960920214653,0.1823596954345703,200000,0.5688012250000001,0.0002,0.09824893809854984
353000,16.884546279907227,1.8784735202789307,20.77861976623535,12.57124137878418,0.053927451372146606,0.123753622174263,200000,0.567576225,0.0002,0.009112663101404905
354000,17.010038375854492,1.739642858505249,20.85748863220215,11.008543014526367,0.06352902948856354,0.12973716855049133,200000,0.566351225,0.0002,0.08662216924130917
355000,16.96437644958496,1.9409514665603638,21.358930587768555,10.893714904785156,0.22157472372055054,1.7127232551574707,200000,0.565126225,0.0002,0.01322203641757369
356000,17.139806747436523,1.727494239807129,21.535076141357422,12.210269927978516,0.22496718168258667,1.6171213388442993,200000,0.5639012250000002,0.0002,0.017321943771094084
357000,16.852697372436523,1.8270403146743774,21.214893341064453,13.347783088684082,0.22290796041488647,1.6644364595413208,200000,0.5626762249999999,0.0002,0.09623028710484505
358000,17.04178810119629,1.8809092044830322,21.299665451049805,12.252830505371094,0.07872554659843445,0.16388511657714844,200000,0.5614512250000001,0.0002,0.02439335361123085
359000,17.115039825439453,1.9669016599655151,21.099414825439453,12.998340606689453,0.3990006446838379,2.4566330909729004,200000,0.560226225,0.0002,0.008978759869933128
360000,16.76290512084961,1.9529626369476318,21.066944122314453,11.573862075805664,0.10009302198886871,0.2750513553619385,200000,0.559001225,0.0002,0.10181420855224133
361000,17.02996826171875,1.7437330484390259,21.236574172973633,12.774931907653809,0.10626836121082306,0.14260850846767426,200000,0.557776225,0.0002,0.08430027915164828
362000,17.139036178588867,1.8829361200332642,20.802724838256836,12.253107070922852,0.1618812084197998,0.454298198223114,200000,0.556551225,0.0002,0.16538439784199
363000,17.165769577026367,1.818934440612793,20.965965270996094,13.085413932800293,0.08177852630615234,0.18739555776119232,200000,0.555326225,0.0002,0.010666796937584877
364000,17.12595558166504,1.747370958328247,21.71109962463379,13.317702293395996,0.07801426947116852,0.1901140809059143,200000,0.5541012250000001,0.0002,0.010465122293680906
365000,17.205190658569336,1.883632779121399,21.587156295776367,12.536837577819824,0.22439894080162048,1.605584979057312,200000,0.5528762249999999,0.0002,0.00768464314751327
366000,17.201339721679688,1.9698431491851807,21.59214210510254,12.082343101501465,0.09168639779090881,0.17764344811439514,200000,0.5516512250000001,0.0002,0.3142945319414139
367000,17.255939483642578,1.8154546022415161,21.378950119018555,12.729842185974121,0.07614065706729889,0.1578381359577179,200000,0.5504262249999999,0.0002,0.03922460973262787
368000,17.048017501831055,1.8496874570846558,21.028356552124023,13.035883903503418,0.10901977121829987,0.13820624351501465,200000,0.549201225,0.0002,0.17183156311511993
369000,17.308141708374023,1.7349398136138916,22.081188201904297,12.328627586364746,0.11826374381780624,0.2858070731163025,200000,0.547976225,0.0002,0.02691572904586792
370000,17.1456298828125,2.016602039337158,21.622262954711914,12.701711654663086,0.10990805923938751,0.328910231590271,200000,0.5467512250000002,0.0002,0.07656108029186726
371000,17.287763595581055,1.7859716415405273,21.201370239257812,12.43000316619873,0.0845826268196106,0.3434998393058777,200000,0.5455262249999999,0.0002,0.10314649669453502
372000,17.007705688476562,1.834667682647705,21.70150375366211,12.949831008911133,0.13437917828559875,0.48092710971832275,200000,0.5443012250000001,0.0002,0.024832975585013628
373000,17.35067367553711,1.8279452323913574,21.648677825927734,13.183806419372559,0.11396139860153198,0.3544079065322876,200000,0.543076225,0.0002,0.018498488701879978
374000,17.109031677246094,1.8143610954284668,20.99581527709961,12.563385963439941,0.3924843668937683,2.423353672027588,200000,0.541851225,0.0002,0.13493331149220467
375000,17.051097869873047,1.8157551288604736,21.25597381591797,11.548819541931152,0.08003058284521103,0.17039154469966888,200000,0.540626225,0.0002,0.16141215153038502
376000,17.317909240722656,1.8377009630203247,21.867570877075195,13.206372261047363,0.10403545200824738,0.2586958408355713,200000,0.539401225,0.0002,0.01111155515536666
377000,16.930526733398438,2.0373151302337646,21.44917869567871,12.785547256469727,0.0845094546675682,0.14872930943965912,200000,0.538176225,0.0002,0.10167378420010209
378000,17.023305892944336,1.8090741634368896,21.620357513427734,12.972121238708496,0.12893030047416687,0.3812968134880066,200000,0.5369512250000001,0.0002,0.03460139688104391
379000,17.125656127929688,1.9032703638076782,21.711776733398438,13.524457931518555,0.11840841919183731,0.21095822751522064,200000,0.5357262250000001,0.0002,0.10627975687384605
380000,17.01586151123047,1.8623340129852295,21.88098907470703,12.957473754882812,0.2463478446006775,1.6832053661346436,200000,0.5345012250000001,0.0002,0.016015241155400872
381000,17.356822967529297,1.9408200979232788,21.897428512573242,12.997427940368652,0.11330733448266983,0.36430448293685913,200000,0.5332762249999999,0.0002,0.011256522499024868
382000,17.105649948120117,1.907292127609253,21.63654899597168,12.831538200378418,0.10369956493377686,0.25582537055015564,200000,0.532051225,0.0002,0.013799769338220358
383000,17.24530029296875,1.8690242767333984,21.793922424316406,13.03493595123291,0.10705706477165222,0.3814522325992584,200000,0.5308262250000002,0.0002,0.11384512856602669
384000,17.395761489868164,2.0011260509490967,22.078651428222656,12.002398490905762,0.2652229070663452,1.758578896522522,200000,0.5296012250000001,0.0002,0.02227739244699478
385000,17.25714111328125,1.7203465700149536,20.939167022705078,12.594305992126465,0.07506558299064636,0.12950347363948822,200000,0.5283762249999999,0.0002,0.0952954813838005
386000,17.281898498535156,1.797353744506836,21.95429801940918,12.993950843811035,0.10111118853092194,0.17727705836296082,200000,0.5271512250000001,0.0002,0.012420884100720286
387000,17.237167358398438,2.1043241024017334,21.77498435974121,12.423192024230957,0.1356046199798584,0.4192993640899658,200000,0.5259262250000001,0.0002,0.030176455155014992
388000,17.49323081970215,1.8876421451568604,21.94121551513672,13.145315170288086,0.21246089041233063,1.6343306303024292,200000,0.524701225,0.0002,0.024844186147674918
389000,17.31801414489746,1.9442318677902222,21.804035186767578,12.868475914001465,0.13412268459796906,0.4932766258716583,200000,0.5234762249999999,0.0002,0.012383200926706195
390000,17.47960090637207,1.5913636684417725,21.718334197998047,13.984464645385742,0.08587849885225296,0.18781396746635437,200000,0.522251225,0.0002,0.09461148222908378
391000,17.182857513427734,1.8312259912490845,21.386032104492188,13.06988525390625,0.07181113213300705,0.10549896955490112,200000,0.5210262250000002,0.0002,0.1755097508430481
392000,17.6252498626709,1.8116466999053955,22.10026741027832,13.453426361083984,0.25369369983673096,1.6598926782608032,200000,0.5198012250000001,0.0002,0.03728856146335602
393000,17.65300941467285,1.8142000436782837,22.17528533935547,12.604449272155762,0.07961234450340271,0.1314106285572052,200000,0.5185762249999999,0.0002,0.08700745925307274
394000,17.436756134033203,1.8134595155715942,21.357105255126953,13.395740509033203,0.14974844455718994,0.4567452371120453,200000,0.5173512250000001,0.0002,0.03318064846098423
395000,17.2387752532959,2.041289806365967,21.460477828979492,12.582733154296875,0.09794044494628906,0.17738577723503113,200000,0.5161262250000003,0.0002,0.08884175634011626
396000,17.738935470581055,1.9518085718154907,22.14223861694336,13.607499122619629,0.16255474090576172,0.5710403919219971,200000,0.514901225,0.0002,0.15367394592612982
397000,17.792095184326172,1.799957275390625,21.46070671081543,13.333785057067871,0.07043716311454773,0.1217573806643486,200000,0.513676225,0.0002,0.10824110917747021
398000,17.541667938232422,1.8121731281280518,21.624622344970703,13.106816291809082,0.13210415840148926,0.3697563409805298,200000,0.5124512250000001,0.0002,0.032054223120212555
399000,17.338382720947266,1.8476210832595825,22.265289306640625,13.12668228149414,0.1255922019481659,0.2611808180809021,200000,0.5112262250000001,0.0002,0.007796085439622402
400000,17.199848175048828,1.8162692785263062,22.023704528808594,12.42934513092041,0.11111558228731155,0.17285379767417908,200000,0.5100012250000001,0.0002,0.02598539972677827
401000,17.418682098388672,1.9200421571731567,22.313350677490234,13.208632469177246,0.09813017398118973,0.22932174801826477,200000,0.5087762249999999,0.0002,0.006681783124804497
402000,17.586414337158203,1.8554445505142212,21.750995635986328,12.594264030456543,0.2532448172569275,1.7133361101150513,200000,0.507551225,0.0002,0.15193218737840652
403000,17.48030662536621,1.5809202194213867,21.479156494140625,13.984757423400879,0.10647348314523697,0.17070220410823822,200000,0.5063262250000002,0.0002,0.08137510251253843
404000,17.45107078552246,1.6863051652908325,22.010173797607422,13.841148376464844,0.09006582200527191,0.1661580353975296,200000,0.505101225,0.0002,0.16392901609651744
405000,17.689929962158203,1.8588629961013794,21.65254020690918,12.996259689331055,0.08206553757190704,0.1629502922296524,200000,0.503876225,0.0002,0.17940538376569748
406000,17.738012313842773,1.761425495147705,21.829139709472656,12.942402839660645,0.419903039932251,2.44907546043396,200000,0.502651225,0.0002,0.014382208697497845
407000,17.591785430908203,1.9328639507293701,22.027891159057617,13.289437294006348,0.2655688524246216,1.8608418703079224,200000,0.5014262250000001,0.0002,0.08681841101497412
408000,17.879600524902344,1.7144067287445068,21.4625186920166,13.733792304992676,0.4537336826324463,2.5252928733825684,200000,0.5002012250000001,0.0002,0.04852236807346344
409000,18.004220962524414,1.7999906539916992,22.190780639648438,13.249643325805664,0.06609915941953659,0.12619872391223907,200000,0.49897622499999994,0.0002,0.0066399946808815
410000,17.654592514038086,1.6666935682296753,21.466304779052734,13.232787132263184,0.09243949502706528,0.1682961881160736,200000,0.497751225,0.0002,0.015458834823220968
411000,17.489795684814453,1.8627831935882568,21.9874210357666,13.404428482055664,0.10663720965385437,0.21449126303195953,200000,0.4965262250000002,0.0002,0.08865274861454964
412000,17.79822540283203,1.8361804485321045,22.311906814575195,13.228659629821777,0.11144344508647919,0.29302605986595154,200000,0.49530122499999996,0.0002,0.17361074686050415
413000,17.45941734313965,1.7897239923477173,21.272058486938477,13.143230438232422,0.08219496160745621,0.17688779532909393,200000,0.4940762249999999,0.0002,0.0951089933514595
414000,17.43218994140625,1.685410499572754,20.751834869384766,13.320277214050293,0.1161772608757019,0.38429102301597595,200000,0.492851225,0.0002,0.2254796177148819
415000,17.805389404296875,1.9885743856430054,21.879674911499023,13.459293365478516,0.10201874375343323,0.19875629246234894,200000,0.4916262250000002,0.0002,0.032122067641466856
416000,17.692474365234375,1.8311514854431152,22.413938522338867,13.487588882446289,0.25375625491142273,1.7601398229599,200000,0.49040122500000005,0.0002,0.109669866040349
417000,17.706880569458008,1.8124459981918335,21.26519012451172,13.227781295776367,0.2226569801568985,1.626979112625122,200000,0.4891762249999999,0.0002,0.17604480683803558
418000,17.737010955810547,1.7119290828704834,22.362272262573242,13.816722869873047,0.08963211625814438,0.16759145259857178,200000,0.487951225,0.0002,0.1143739577382803
419000,17.5773983001709,1.7025730609893799,21.671092987060547,12.989274978637695,0.06283131241798401,0.12975859642028809,200000,0.4867262250000002,0.0002,0.0875089205801487
420000,17.859050750732422,1.8255157470703125,22.06999969482422,13.322486877441406,0.217374786734581,1.5334628820419312,200000,0.48550122500000004,0.0002,0.08047680417075753
421000,17.50122833251953,1.7932630777359009,21.204647064208984,13.099849700927734,0.09112068265676498,0.20127585530281067,200000,0.4842762249999999,0.0002,0.13195407018065453
422000,17.547433853149414,1.7057162523269653,21.871538162231445,13.987793922424316,0.25243180990219116,1.7534852027893066,200000,0.4830512250000001,0.0002,0.25900113116949797
423000,17.539199829101562,1.891045331954956,21.87535285949707,13.130298614501953,0.2425537407398224,1.9131444692611694,200000,0.48182622500000016,0.0002,0.07432898692786694
424000,17.77267074584961,1.8964753150939941,22.409866333007812,13.02548885345459,0.2128569483757019,1.4729634523391724,200000,0.480601225,0.0002,0.09916054364293814
425000,17.70291519165039,1.9003068208694458,22.46495819091797,12.947839736938477,0.07379332184791565,0.17065952718257904,200000,0.4793762249999999,0.0002,0.09709581546485424
426000,17.841283798217773,1.7466360330581665,21.713621139526367,14.250910758972168,0.09806602448225021,0.10240107774734497,200000,0.47815122499999996,0.0002,0.022092608734965324
427000,17.56704330444336,1.7600418329238892,22.16202163696289,13.139276504516602,0.1343117356300354,0.45846909284591675,200000,0.47692622500000015,0.0002,0.02252976782619953
428000,17.785343170166016,1.743427038192749,22.601341247558594,13.70270824432373,0.23323146998882294,1.6333023309707642,200000,0.475701225,0.0002,0.0849580466747284
429000,17.5789852142334,1.8426655530929565,22.31385040283203,13.485633850097656,0.2668345272541046,1.7760015726089478,200000,0.47447622499999986,0.0002,0.11183876544237137
430000,17.301612854003906,1.6713732481002808,21.652950286865234,12.84273624420166,0.09593735635280609,0.20086625218391418,200000,0.47325122500000005,0.0002,0.08824968989938498
431000,17.381046295166016,1.8157236576080322,21.820642471313477,13.312699317932129,0.23424756526947021,1.5355850458145142,200000,0.47202622500000013,0.0002,0.26986614614725113
432000,17.607282638549805,1.8886820077896118,22.4476261138916,13.413397789001465,0.1291172206401825,0.201532244682312,200000,0.470801225,0.0002,0.1864480897784233
433000,17.73297119140625,1.8038833141326904,22.52587127685547,13.532573699951172,0.1070554256439209,0.2106870859861374,200000,0.46957622499999985,0.0002,0.19476858340203762
434000,17.507362365722656,1.8978476524353027,22.376407623291016,13.347318649291992,0.3949006199836731,2.1490514278411865,200000,0.46835122500000004,0.0002,0.010665202513337135
435000,17.431961059570312,1.8313312530517578,22.214004516601562,13.537100791931152,0.24025899171829224,1.5364928245544434,200000,0.4671262250000001,0.0002,0.10916012711822987
436000,17.748233795166016,1.8657574653625488,21.989572525024414,13.099374771118164,0.11565493047237396,0.23023000359535217,200000,0.465901225,0.0002,0.02668654080480337
437000,17.70856475830078,1.5959861278533936,22.569477081298828,14.094022750854492,0.2252039909362793,1.5332200527191162,200000,0.46467622499999994,0.0002,0.012182660400867462
438000,17.350757598876953,1.8053525686264038,21.9782772064209,13.157269477844238,0.08892006427049637,0.16095484793186188,200000,0.463451225,0.0002,0.014208417851477861
439000,17.286115646362305,2.0073859691619873,22.694520950317383,12.80002212524414,0.45361125469207764,2.739278793334961,200000,0.4622262250000002,0.0002,0.09921985864639282
440000,17.471355438232422,2.070671558380127,22.075586318969727,12.87326431274414,0.41881588101387024,2.4438836574554443,200000,0.46100122499999996,0.0002,0.08074782183393836
441000,17.615175247192383,1.9287039041519165,22.154687881469727,12.691438674926758,0.07942448556423187,0.20097437500953674,200000,0.45977622500000015,0.0002,0.11777064949274063
442000,17.423221588134766,1.7638481855392456,22.80940055847168,13.32642936706543,0.2229042649269104,1.667134165763855,200000,0.458551225,0.0002,0.023951608687639236
443000,17.477519989013672,1.8581302165985107,21.805458068847656,12.672600746154785,0.09084594994783401,0.16134583950042725,200000,0.4573262250000001,0.0002,0.1127830371260643
444000,17.609718322753906,1.8077400922775269,22.139345169067383,12.592185020446777,0.22328004240989685,1.529006004333496,200000,0.45610122500000005,0.0002,0.16127696633338928
445000,17.821861267089844,1.6688060760498047,22.422657012939453,14.063172340393066,0.2593720555305481,1.8539518117904663,200000,0.45487622500000013,0.0002,0.019674126990139484
446000,17.705968856811523,1.8554645776748657,22.298542022705078,12.853449821472168,0.09690681099891663,0.270366907119751,200000,0.453651225,0.0002,0.0978894920554012
447000,17.483963012695312,1.8729610443115234,22.86078453063965,13.110751152038574,0.23361799120903015,1.702195167541504,200000,0.4524262250000002,0.0002,0.02173493057489395
448000,17.97313690185547,1.9022374153137207,22.054218292236328,13.341839790344238,0.07740261405706406,0.189048632979393,200000,0.45120122500000004,0.0002,0.0222480995580554
449000,17.91022491455078,1.920637607574463,22.477384567260742,12.872934341430664,0.22832758724689484,1.7479782104492188,200000,0.4499762250000001,0.0002,0.14695443212985992
450000,18.099220275878906,1.8762398958206177,22.19526481628418,12.993889808654785,0.09063401073217392,0.1922609806060791,200000,0.448751225,0.0002,0.043663570657372475
451000,18.021774291992188,1.9355580806732178,22.699817657470703,13.481678009033203,0.1010708212852478,0.18665283918380737,200000,0.44752622500000006,0.0002,0.03393610753118992
452000,17.723031997680664,1.9877070188522339,23.349245071411133,13.11525821685791,0.23937386274337769,1.4552093744277954,200000,0.446301225,0.0002,0.024834254756569862
453000,17.97053337097168,1.7390552759170532,22.607315063476562,13.596064567565918,0.08153775334358215,0.24956385791301727,200000,0.4450762250000001,0.0002,0.026099080219864845
454000,17.92903709411621,2.1406643390655518,23.264076232910156,12.494780540466309,0.09203552454710007,0.16660760343074799,200000,0.44385122499999996,0.0002,0.010731924325227737
455000,17.53839683532715,1.9658135175704956,22.76859474182129,12.168891906738281,0.07673167437314987,0.17426645755767822,200000,0.44262622500000015,0.0002,0.09349159244447947
456000,17.839218139648438,1.8543486595153809,23.274757385253906,13.470922470092773,0.11884832382202148,0.32997435331344604,200000,0.441401225,0.0002,0.11112709529697895
457000,17.979738235473633,1.8865684270858765,22.726760864257812,13.2769775390625,0.116661936044693,0.22325363755226135,200000,0.4401762250000001,0.0002,0.025755337439477444
458000,18.05747413635254,1.9514204263687134,23.31923484802246,13.272298812866211,0.20766304433345795,1.4964773654937744,200000,0.43895122499999994,0.0002,0.16456367075443268
459000,17.88027572631836,1.8833012580871582,22.629667282104492,12.533626556396484,0.06953174620866776,0.1263638734817505,200000,0.43772622500000014,0.0002,0.028754357248544693
460000,18.038869857788086,1.9979678392410278,23.29511070251465,12.621781349182129,0.20799671113491058,1.47499418258667,200000,0.436501225,0.0002,0.011361387092620134
461000,17.920150756835938,1.7690160274505615,22.600263595581055,13.25622844696045,0.25434207916259766,1.8082112073898315,200000,0.4352762250000002,0.0002,0.028219325467944145
462000,17.65756607055664,2.1394500732421875,22.752334594726562,11.59916877746582,0.14176741242408752,0.4793514609336853,200000,0.43405122500000004,0.0002,0.01878457237035036
463000,17.870807647705078,1.9039170742034912,23.3929443359375,12.389392852783203,0.22612875699996948,1.6917955875396729,200000,0.4328262250000001,0.0002,0.08816068433225155
464000,17.94883918762207,2.0810470581054688,22.916837692260742,12.848499298095703,0.10491682589054108,0.19428905844688416,200000,0.431601225,0.0002,0.026034153066575527
465000,17.83229637145996,1.9598851203918457,22.551042556762695,13.261236190795898,0.09143125265836716,0.12149623036384583,200000,0.43037622500000006,0.0002,0.12520428746938705
466000,18.078882217407227,1.9690029621124268,22.808856964111328,12.746667861938477,0.2424067258834839,1.8341882228851318,200000,0.429151225,0.0002,0.0170263247564435
467000,17.84731674194336,1.8912827968597412,22.337751388549805,9.97020149230957,0.09331078082323074,0.14208810031414032,200000,0.4279262250000001,0.0002,0.1107257716357708
468000,17.89610481262207,1.9644756317138672,23.03142738342285,12.57186508178711,0.4528917074203491,2.577759265899658,200000,0.42670122499999996,0.0002,0.02515376638621092
469000,17.634258270263672,2.0406486988067627,22.225570678710938,12.437150955200195,0.09318149089813232,0.15724584460258484,200000,0.42547622500000015,0.0002,0.026276029646396637
470000,17.855451583862305,1.7862763404846191,22.9046688079834,13.84457778930664,0.5805114507675171,3.2324321269989014,200000,0.424251225,0.0002,0.4330136850476265
471000,18.08513641357422,1.8323458433151245,21.901180267333984,12.229778289794922,0.05807831883430481,0.10056783258914948,200000,0.4230262250000001,0.0002,0.011278115212917328
472000,18.013471603393555,1.8961412906646729,22.833175659179688,13.382257461547852,0.09475504606962204,0.1608983725309372,200000,0.42180122499999995,0.0002,0.07819881616160274
473000,17.64860725402832,2.0667665004730225,22.57585334777832,11.927247047424316,0.11917615681886673,0.3348838984966278,200000,0.42057622500000014,0.0002,0.10004260763525963
474000,17.68806266784668,1.742321491241455,22.473039627075195,12.533106803894043,0.25347715616226196,1.9460686445236206,200000,0.419351225,0.0002,0.09060391783714294
475000,17.858295440673828,1.761279582977295,22.173641204833984,12.972445487976074,0.1059148982167244,0.24708116054534912,200000,0.4181262250000001,0.0002,0.09317570272833109
476000,17.788185119628906,1.935900330543518,22.618244171142578,12.761663436889648,0.07153559476137161,0.1187514141201973,200000,0.41690122499999993,0.0002,0.08064533770084381
477000,18.021081924438477,1.9369916915893555,23.44280242919922,12.389495849609375,0.4122782349586487,2.672698974609375,200000,0.4156762250000001,0.0002,0.10723406635224819
478000,18.016773223876953,1.7786176204681396,23.007978439331055,12.269915580749512,0.14737781882286072,0.5042126178741455,200000,0.414451225,0.0002,0.1599279996007681
479000,17.73707389831543,1.856628656387329,22.50943946838379,10.825904846191406,0.15348750352859497,0.42977219820022583,200000,0.41322622500000006,0.0002,0.024596176110208035
480000,17.835739135742188,1.8869266510009766,22.804874420166016,11.781798362731934,0.07378396391868591,0.14042988419532776,200000,0.4120012249999999,0.0002,0.019565942697227
481000,17.257171630859375,1.9892096519470215,22.37647819519043,11.992207527160645,0.1379651576280594,0.3366849720478058,200000,0.4107762250000001,0.0002,0.16458317637443542
482000,17.48606300354004,1.8480385541915894,22.43613624572754,12.690958023071289,0.11800294369459152,0.3116893172264099,200000,0.40955122499999996,0.0002,0.02322545601055026
483000,17.60279083251953,2.0929248332977295,23.404769897460938,12.272873878479004,0.09739292412996292,0.1783084273338318,200000,0.40832622500000015,0.0002,0.01964509766548872
484000,17.669424057006836,2.1509850025177,22.88260841369629,12.899375915527344,0.45549800992012024,2.5035154819488525,200000,0.407101225,0.0002,0.12870162352919579
485000,17.862201690673828,2.0491981506347656,23.06776237487793,13.6226167678833,0.6028039455413818,3.353637933731079,200000,0.4058762250000001,0.0002,0.16359960287809372
486000,17.529218673706055,2.1657462120056152,23.066686630249023,12.762025833129883,0.304019033908844,2.129831075668335,200000,0.40465122499999995,0.0002,0.030851658433675766
487000,17.524398803710938,1.8611568212509155,22.793697357177734,12.653446197509766,0.07936855405569077,0.16498136520385742,200000,0.403426225,0.0002,0.09772519115358591
488000,17.65749740600586,2.1194674968719482,23.338926315307617,12.714873313903809,0.09736358374357224,0.20266957581043243,200000,0.402201225,0.0002,0.1779387816786766
489000,18.172340393066406,2.056356191635132,23.572864532470703,12.2792387008667,0.24900011718273163,1.4677237272262573,200000,0.4009762250000001,0.0002,0.04082696884870529
490000,17.808780670166016,2.1035778522491455,22.876604080200195,12.60934066772461,0.10532937198877335,0.18495887517929077,200000,0.39975122499999993,0.0002,0.09967729263007641
491000,17.98926544189453,2.0822806358337402,23.729230880737305,12.8531494140625,0.15520426630973816,0.4770659804344177,200000,0.3985262250000001,0.0002,0.11321705533191562
492000,17.665542602539062,1.9437031745910645,23.25887107849121,11.85116195678711,0.09625966101884842,0.1576806902885437,200000,0.397301225,0.0002,0.01392335630953312
493000,18.003986358642578,1.9142630100250244,23.0718994140625,13.124725341796875,0.08411488682031631,0.14226782321929932,200000,0.39607622500000006,0.0002,0.10319073870778084
494000,17.731473922729492,2.0597550868988037,22.677675247192383,12.528368949890137,0.12224140018224716,0.2768438160419464,200000,0.3948512249999999,0.0002,0.09932269668206573
495000,17.409435272216797,2.064432382583618,22.643592834472656,12.261157035827637,0.2647039294242859,1.7129231691360474,200000,0.3936262250000001,0.0002,0.03068198263645172
496000,17.957529067993164,2.1105170249938965,22.689374923706055,12.366941452026367,0.13476653397083282,0.49312740564346313,200000,0.39240122499999996,0.0002,0.012210666202008724
497000,17.973127365112305,2.140150308609009,23.176528930664062,12.627029418945312,0.12952563166618347,0.47717246413230896,200000,0.39117622500000004,0.0002,0.0285136834718287
498000,17.974979400634766,1.8059056997299194,23.296009063720703,13.940396308898926,0.09634919464588165,0.1205725222826004,200000,0.389951225,0.0002,0.03383080940693617
499000,17.911029815673828,1.9780519008636475,23.006895065307617,12.795614242553711,0.27081021666526794,1.7377276420593262,200000,0.3887262250000001,0.0002,0.01901763491332531
500000,17.69538116455078,2.1867291927337646,23.37225341796875,12.142879486083984,0.11425481736660004,0.19668984413146973,200000,0.38750122499999995,0.0002,0.009511203970760107
501000,18.010168075561523,1.9763729572296143,23.38355255126953,12.336833000183105,0.09643316268920898,0.18453752994537354,200000,0.38627622500000003,0.0002,0.07889575138688087
502000,17.73393440246582,1.8442254066467285,22.66565704345703,13.140968322753906,0.12151842564344406,0.2350875586271286,200000,0.3850512249999999,0.0002,0.08476095832884312
503000,17.844161987304688,2.000699520111084,23.455114364624023,13.228792190551758,0.2753433883190155,1.8984918594360352,200000,0.3838262250000001,0.0002,0.01576675847172737
504000,17.608291625976562,1.848251461982727,22.98642349243164,12.395947456359863,0.27693986892700195,1.6774102449417114,200000,0.38260122500000016,0.0002,0.027842184528708458
505000,17.984477996826172,2.0310120582580566,22.760272979736328,12.299038887023926,0.09584004431962967,0.27760517597198486,200000,0.3813762250000001,0.0002,0.17388916015625
506000,17.28634262084961,1.9944318532943726,22.80130386352539,11.878162384033203,0.07268315553665161,0.13459475338459015,200000,0.380151225,0.0002,0.16801754385232925
507000,17.751384735107422,2.0805368423461914,22.66840934753418,11.609407424926758,0.12097430229187012,0.42944052815437317,200000,0.37892622500000006,0.0002,0.028065833263099194
508000,17.60725975036621,1.7843341827392578,22.037687301635742,13.15710163116455,0.24084682762622833,1.7482351064682007,200000,0.37770122500000025,0.0002,0.044239324517548084
509000,17.98011589050293,1.8019379377365112,22.97587776184082,13.43694019317627,0.24655479192733765,1.765158772468567,200000,0.3764762250000001,0.0002,0.20889829844236374
510000,17.816177368164062,1.86900794506073,23.279029846191406,13.275952339172363,0.2668607234954834,1.9559019804000854,200000,0.37525122499999997,0.0002,0.11576784029603004
511000,17.786283493041992,1.9555352926254272,22.662147521972656,12.836259841918945,0.24793857336044312,1.4781464338302612,200000,0.37402622500000005,0.0002,0.07885913038626313
512000,17.689414978027344,1.9421292543411255,22.456676483154297,12.178391456604004,0.11284507811069489,0.36456236243247986,200000,0.37280122500000024,0.0002,0.09374099038541317
513000,17.52617073059082,2.088242769241333,22.921642303466797,12.046846389770508,0.25512799620628357,1.4086047410964966,200000,0.3715762250000001,0.0002,0.17307570576667786
514000,17.740278244018555,1.7213003635406494,22.900836944580078,13.148374557495117,0.11014174669981003,0.2965104579925537,200000,0.37035122499999984,0.0002,0.1713395770639181
515000,17.61946678161621,1.825015664100647,23.262256622314453,12.43322467803955,0.24906155467033386,2.087045669555664,200000,0.36912622500000003,0.0002,0.16616513393819332
516000,17.67552947998047,1.954454779624939,23.39623260498047,12.410567283630371,0.08219494670629501,0.13135944306850433,200000,0.3679012250000002,0.0002,0.19366571493446827
517000,17.607162475585938,1.9510782957077026,22.41152000427246,12.160192489624023,0.09562128037214279,0.1633996069431305,200000,0.3666762250000001,0.0002,0.03931568656116724
518000,18.175357818603516,1.9669320583343506,23.06731605529785,12.302003860473633,0.2328910529613495,1.6321455240249634,200000,0.36545122499999994,0.0002,0.1178063340485096
519000,17.894094467163086,2.135390520095825,22.88411521911621,12.377135276794434,0.08314845710992813,0.14299781620502472,200000,0.364226225,0.0002,0.12206491455435753
520000,17.683902740478516,1.9289746284484863,22.655141830444336,12.56014633178711,0.1552865207195282,0.4441269636154175,200000,0.3630012250000002,0.0002,0.03185313381254673
521000,18.024967193603516,1.9910223484039307,23.895740509033203,13.687993049621582,0.1069241389632225,0.21616756916046143,200000,0.36177622500000006,0.0002,0.028292234521359205
522000,17.853515625,1.8244878053665161,23.035621643066406,12.099721908569336,0.25977885723114014,1.811293363571167,200000,0.3605512249999999,0.0002,0.4779839403927326
523000,18.059125900268555,2.0869035720825195,23.367847442626953,13.441176414489746,0.11609598249197006,0.23691235482692719,200000,0.3593262250000001,0.0002,0.0890741553157568
524000,17.82818603515625,1.9264142513275146,23.4090576171875,12.357376098632812,0.11148837953805923,0.3728649318218231,200000,0.3581012250000003,0.0002,0.10330505296587944
525000,17.931259155273438,1.810341477394104,23.577985763549805,13.514650344848633,0.21284493803977966,1.5004817247390747,200000,0.35687622500000005,0.0002,0.14535538107156754
526000,18.14958953857422,1.6734273433685303,23.356481552124023,13.939045906066895,0.27338069677352905,1.9812896251678467,200000,0.3556512249999999,0.0002,0.026369336061179638
527000,18.06926727294922,1.8791881799697876,23.601871490478516,12.769370079040527,0.06828806549310684,0.09516635537147522,200000,0.3544262250000001,0.0002,0.044538771733641624
528000,17.991291046142578,1.7646113634109497,23.268604278564453,14.088088035583496,0.11922265589237213,0.23141656816005707,200000,0.3532012250000002,0.0002,0.19911079108715057
529000,17.95794677734375,1.938598871231079,23.557695388793945,13.224649429321289,0.10994498431682587,0.28319376707077026,200000,0.35197622500000014,0.0002,0.16084570437669754
530000,18.079938888549805,1.8940892219543457,23.555973052978516,12.836505889892578,0.07542363554239273,0.14678074419498444,200000,0.350751225,0.0002,0.020714788930490613
531000,17.95952033996582,1.8717434406280518,23.36558723449707,14.067222595214844,0.18178942799568176,0.6364837884902954,200000,0.34952622499999997,0.0002,0.014254393056035042
532000,18.109455108642578,2.1223442554473877,23.76004981994629,11.96992015838623,0.3566536605358124,2.21901273727417,200000,0.34830122500000016,0.0002,0.26042625308036804
533000,18.053203582763672,1.785334825515747,22.79266357421875,13.478589057922363,0.12043586373329163,0.28808465600013733,200000,0.347076225,0.0002,0.1579136336222291
534000,17.682069778442383,1.6579513549804688,23.106595993041992,13.129237174987793,0.07084961235523224,0.10876883566379547,200000,0.345851225,0.0002,0.02720201015472412
535000,18.070289611816406,1.931519865989685,23.12659454345703,12.756298065185547,0.09782809764146805,0.2626124322414398,200000,0.34462622500000006,0.0002,0.23725413531064987
536000,17.703645706176758,1.754262924194336,24.287979125976562,12.054455757141113,0.21864038705825806,1.4102059602737427,200000,0.34340122500000014,0.0002,0.2736096456646919
537000,18.171506881713867,1.9487271308898926,23.714296340942383,12.393348693847656,0.20628315210342407,1.541165828704834,200000,0.342176225,0.0002,0.08848012099042535
538000,18.004552841186523,1.8831065893173218,23.694591522216797,13.239317893981934,0.22249630093574524,1.5213888883590698,200000,0.34095122499999986,0.0002,0.11348636075854301
539000,18.09705352783203,1.9276008605957031,23.340797424316406,12.425824165344238,0.2680927515029907,1.8812869787216187,200000,0.33972622500000005,0.0002,0.17278002761304379
540000,18.06746482849121,1.94284987449646,23.78651237487793,13.448354721069336,0.13208059966564178,0.13139522075653076,200000,0.33850122500000024,0.0002,0.13122566509991884
541000,18.026233673095703,1.9667563438415527,25.088481903076172,13.234867095947266,0.38919997215270996,2.1048507690429688,200000,0.3372762250000001,0.0002,0.17939771711826324
542000,17.74767303466797,2.0537266731262207,23.230884552001953,12.59150505065918,0.08737868815660477,0.162785142660141,200000,0.33605122499999984,0.0002,0.23295941948890686
543000,17.73067855834961,1.9737634658813477,23.71829605102539,12.914198875427246,0.24342676997184753,1.7421518564224243,200000,0.33482622500000003,0.0002,0.08653261139988899
544000,17.827224731445312,2.205517292022705,23.96623992919922,13.028665542602539,0.4046255946159363,2.1598246097564697,200000,0.3336012250000002,0.0002,0.1039388906210661
545000,17.581392288208008,2.174567222595215,23.15666389465332,12.700140953063965,0.2737269401550293,1.8062764406204224,200000,0.3323762250000001,0.0002,0.3360750158317387
546000,17.549604415893555,1.8262704610824585,23.3828182220459,11.948138236999512,0.10703451186418533,0.2896512448787689,200000,0.33115122499999994,0.0002,0.023661893792450428
547000,17.9244327545166,2.2153866291046143,24.61189842224121,12.495573043823242,0.40979835391044617,2.5107672214508057,200000,0.329926225,0.0002,0.03606047108769417
548000,17.91981315612793,2.2248177528381348,24.604148864746094,11.91033935546875,0.07454243302345276,0.12651288509368896,200000,0.3287012250000001,0.0002,0.030069546774029732
549000,17.95868682861328,2.089232921600342,23.49901580810547,12.274888038635254,0.2688635289669037,1.9506266117095947,200000,0.32747622500000007,0.0002,0.12393166869878769
550000,17.83984375,2.339015007019043,24.968725204467773,12.841999053955078,0.24292290210723877,0.7515228390693665,200000,0.3262512249999999,0.0002,0.10184152238070965
551000,17.52553939819336,2.079599618911743,24.15546417236328,12.135475158691406,0.09624489396810532,0.16386309266090393,200000,0.3250262250000001,0.0002,0.23823045566678047
552000,17.92623519897461,2.131606101989746,24.02988052368164,12.184967994689941,0.2477796971797943,1.4622275829315186,200000,0.3238012250000002,0.0002,0.01575176464393735
553000,17.652816772460938,1.9910621643066406,24.514238357543945,13.585192680358887,0.19144663214683533,0.7680618166923523,200000,0.32257622499999994,0.0002,0.03918950166553259
554000,17.808917999267578,2.2524967193603516,24.716367721557617,13.214229583740234,0.13615718483924866,0.6470296382904053,200000,0.3213512249999999,0.0002,0.11788760498166084
555000,18.02937889099121,2.1690878868103027,24.914260864257812,13.623956680297852,0.26118966937065125,1.4120140075683594,200000,0.320126225,0.0002,0.21999219059944153
556000,18.231075286865234,1.9892271757125854,24.707855224609375,12.32706069946289,0.19280412793159485,1.2774564027786255,200000,0.3189012250000002,0.0002,0.061307456344366074
557000,18.117862701416016,2.1614744663238525,24.173715591430664,12.143630981445312,0.27001768350601196,1.6123305559158325,200000,0.31767622500000003,0.0002,0.01734607946127653
